t,med_No learning,q30_No learning,q70_No learning,med_N4SID,q30_N4SID,q70_N4SID,med_PAST,q30_PAST,q70_PAST,"med_Flag(9, 10)","q30_Flag(9, 10)","q70_Flag(9, 10)",med_Gr(8),q30_Gr(8),q70_Gr(8),med_Gr(9),q30_Gr(9),q70_Gr(9),med_Gr(10),q30_Gr(10),q70_Gr(10),med_Gr(11),q30_Gr(11),q70_Gr(11),med_Gr(15),q30_Gr(15),q70_Gr(15),"med_Flag(8,...,15)","q30_Flag(8,...,15)","q70_Flag(8,...,15)","med_Flag(8,...,11)","q30_Flag(8,...,11)","q70_Flag(8,...,11)"
0,0.0,0.0,0.0,0.0,0.0,0.0,0.0,0.0,0.0,0.0,0.0,0.0,0.0,0.0,0.0,0.0,0.0,0.0,0.0,0.0,0.0,0.0,0.0,0.0,0.0,0.0,0.0,0.0,0.0,0.0,0.0,0.0,0.0
1,0.5346318522627305,0.30722963337151077,0.8096243296257288,0.5346318522627305,0.30722963337151077,0.8096243296257288,0.5346318522627305,0.30722963337151077,0.8096243296257288,0.5346318522627305,0.30722963337151077,0.8096243296257288,0.5346318522627305,0.30722963337151077,0.8096243296257288,0.5346318522627305,0.30722963337151077,0.8096243296257288,0.5346318522627305,0.30722963337151077,0.8096243296257288,0.5346318522627305,0.30722963337151077,0.8096243296257288,0.5346318522627305,0.30722963337151077,0.8096243296257288,0.5346318522627305,0.30722963337151077,0.8096243296257288,0.5346318522627305,0.30722963337151077,0.8096243296257288
2,0.34055998037794266,0.20137652870186917,0.5016650170842574,0.34055998037794266,0.20137652870186917,0.5016650170842574,0.34055998037794266,0.20137652870186917,0.5016650170842574,0.34055998037794266,0.20137652870186917,0.5016650170842574,0.34055998037794266,0.20137652870186917,0.5016650170842574,0.34055998037794266,0.20137652870186917,0.5016650170842574,0.34055998037794266,0.20137652870186917,0.5016650170842574,0.34055998037794266,0.20137652870186917,0.5016650170842574,0.34055998037794266,0.20137652870186917,0.5016650170842574,0.34055998037794266,0.20137652870186917,0.5016650170842574,0.34055998037794266,0.20137652870186917,0.5016650170842574
3,0.17978482219832115,0.10593292967157188,0.28284088828938553,0.17978482219832115,0.10593292967157188,0.28284088828938553,0.17978482219832115,0.10593292967157188,0.28284088828938553,0.17978482219832115,0.10593292967157188,0.28284088828938553,0.17978482219832115,0.10593292967157188,0.28284088828938553,0.17978482219832115,0.10593292967157188,0.28284088828938553,0.17978482219832115,0.10593292967157188,0.28284088828938553,0.17978482219832115,0.10593292967157188,0.28284088828938553,0.17978482219832115,0.10593292967157188,0.28284088828938553,0.17978482219832115,0.10593292967157188,0.28284088828938553,0.17978482219832115,0.10593292967157188,0.28284088828938553
4,0.12059451172639696,0.05500807025337678,0.17124068759231767,0.12059451172639696,0.05500807025337678,0.17124068759231767,0.12059451172639696,0.05500807025337678,0.17124068759231767,0.12059451172639696,0.05500807025337678,0.17124068759231767,0.12059451172639696,0.05500807025337678,0.17124068759231767,0.12059451172639696,0.05500807025337678,0.17124068759231767,0.12059451172639696,0.05500807025337678,0.17124068759231767,0.12059451172639696,0.05500807025337678,0.17124068759231767,0.12059451172639696,0.05500807025337678,0.17124068759231767,0.12059451172639696,0.05500807025337678,0.17124068759231767,0.12059451172639696,0.05500807025337678,0.17124068759231767
5,0.0844207098731127,0.04478729411076712,0.1415213095084791,0.0844207098731127,0.04478729411076712,0.1415213095084791,0.0844207098731127,0.04478729411076712,0.1415213095084791,0.0844207098731127,0.04478729411076712,0.1415213095084791,0.0844207098731127,0.04478729411076712,0.1415213095084791,0.0844207098731127,0.04478729411076712,0.1415213095084791,0.0844207098731127,0.04478729411076712,0.1415213095084791,0.0844207098731127,0.04478729411076712,0.1415213095084791,0.0844207098731127,0.04478729411076712,0.1415213095084791,0.0844207098731127,0.04478729411076712,0.1415213095084791,0.0844207098731127,0.04478729411076712,0.1415213095084791
6,0.08259954860871485,0.04243424420492929,0.13193539682116665,0.08259954860871485,0.04243424420492929,0.13193539682116665,0.08259954860871485,0.04243424420492929,0.13193539682116665,0.08259954860871485,0.04243424420492929,0.13193539682116665,0.08259954860871485,0.04243424420492929,0.13193539682116665,0.08259954860871485,0.04243424420492929,0.13193539682116665,0.08259954860871485,0.04243424420492929,0.13193539682116665,0.08259954860871485,0.04243424420492929,0.13193539682116665,0.08259954860871485,0.04243424420492929,0.13193539682116665,0.08259954860871485,0.04243424420492929,0.13193539682116665,0.08259954860871485,0.04243424420492929,0.13193539682116665
7,0.08853521686992516,0.05471595962333156,0.137475735971286,0.08853521686992516,0.05471595962333156,0.137475735971286,0.08853521686992516,0.05471595962333156,0.137475735971286,0.08853521686992516,0.05471595962333156,0.137475735971286,0.08853521686992516,0.05471595962333156,0.137475735971286,0.08853521686992516,0.05471595962333156,0.137475735971286,0.08853521686992516,0.05471595962333156,0.137475735971286,0.08853521686992516,0.05471595962333156,0.137475735971286,0.08853521686992516,0.05471595962333156,0.137475735971286,0.08853521686992516,0.05471595962333156,0.137475735971286,0.08853521686992516,0.05471595962333156,0.137475735971286
8,0.0823628556313819,0.04329412439262777,0.13376474468061308,0.0823628556313819,0.04329412439262777,0.13376474468061308,0.0823628556313819,0.04329412439262777,0.13376474468061308,0.0823628556313819,0.04329412439262777,0.13376474468061308,0.0823628556313819,0.04329412439262777,0.13376474468061308,0.0823628556313819,0.04329412439262777,0.13376474468061308,0.0823628556313819,0.04329412439262777,0.13376474468061308,0.0823628556313819,0.04329412439262777,0.13376474468061308,0.0823628556313819,0.04329412439262777,0.13376474468061308,0.0823628556313819,0.04329412439262777,0.13376474468061308,0.0823628556313819,0.04329412439262777,0.13376474468061308
9,0.081333416960755,0.047783519418803745,0.12099412090131306,0.081333416960755,0.047783519418803745,0.12099412090131306,0.081333416960755,0.047783519418803745,0.12099412090131306,0.081333416960755,0.047783519418803745,0.12099412090131306,0.081333416960755,0.047783519418803745,0.12099412090131306,0.081333416960755,0.047783519418803745,0.12099412090131306,0.081333416960755,0.047783519418803745,0.12099412090131306,0.081333416960755,0.047783519418803745,0.12099412090131306,0.081333416960755,0.047783519418803745,0.12099412090131306,0.081333416960755,0.047783519418803745,0.12099412090131306,0.081333416960755,0.047783519418803745,0.12099412090131306
10,0.08247560874216706,0.048181350430061616,0.13720925104849804,0.08247560874216706,0.048181350430061616,0.13720925104849804,0.08247560874216706,0.048181350430061616,0.13720925104849804,0.08247560874216706,0.048181350430061616,0.13720925104849804,0.08247560874216706,0.048181350430061616,0.13720925104849804,0.08247560874216706,0.048181350430061616,0.13720925104849804,0.08247560874216706,0.048181350430061616,0.13720925104849804,0.08247560874216706,0.048181350430061616,0.13720925104849804,0.08247560874216706,0.048181350430061616,0.13720925104849804,0.08247560874216706,0.048181350430061616,0.13720925104849804,0.08247560874216706,0.048181350430061616,0.13720925104849804
11,0.08138470684748284,0.043931786157546074,0.11838187521971358,0.08138470684748284,0.043931786157546074,0.11838187521971358,0.08138470684748284,0.043931786157546074,0.11838187521971358,0.08138470684748284,0.043931786157546074,0.11838187521971358,0.08138470684748284,0.043931786157546074,0.11838187521971358,0.08138470684748284,0.043931786157546074,0.11838187521971358,0.08138470684748284,0.043931786157546074,0.11838187521971358,0.08138470684748284,0.043931786157546074,0.11838187521971358,0.08138470684748284,0.043931786157546074,0.11838187521971358,0.08138470684748284,0.043931786157546074,0.11838187521971358,0.08138470684748284,0.043931786157546074,0.11838187521971358
12,0.07394777719900764,0.04524781983557088,0.11083289682957137,0.07394777719900764,0.04524781983557088,0.11083289682957137,0.07394777719900764,0.04524781983557088,0.11083289682957137,0.07394777719900764,0.04524781983557088,0.11083289682957137,0.07394777719900764,0.04524781983557088,0.11083289682957137,0.07394777719900764,0.04524781983557088,0.11083289682957137,0.07394777719900764,0.04524781983557088,0.11083289682957137,0.07394777719900764,0.04524781983557088,0.11083289682957137,0.07394777719900764,0.04524781983557088,0.11083289682957137,0.07394777719900764,0.04524781983557088,0.11083289682957137,0.07394777719900764,0.04524781983557088,0.11083289682957137
13,0.06100458298474271,0.03555715495757857,0.13211984814330655,0.06100458298474271,0.03555715495757857,0.13211984814330655,0.06100458298474271,0.03555715495757857,0.13211984814330655,0.06100458298474271,0.03555715495757857,0.13211984814330655,0.06100458298474271,0.03555715495757857,0.13211984814330655,0.06100458298474271,0.03555715495757857,0.13211984814330655,0.06100458298474271,0.03555715495757857,0.13211984814330655,0.06100458298474271,0.03555715495757857,0.13211984814330655,0.06100458298474271,0.03555715495757857,0.13211984814330655,0.06100458298474271,0.03555715495757857,0.13211984814330655,0.06100458298474271,0.03555715495757857,0.13211984814330655
14,0.08378292546815164,0.041306757475015894,0.12813577836484957,0.08378292546815164,0.041306757475015894,0.12813577836484957,0.08378292546815164,0.041306757475015894,0.12813577836484957,0.08378292546815164,0.041306757475015894,0.12813577836484957,0.08378292546815164,0.041306757475015894,0.12813577836484957,0.08378292546815164,0.041306757475015894,0.12813577836484957,0.08378292546815164,0.041306757475015894,0.12813577836484957,0.08378292546815164,0.041306757475015894,0.12813577836484957,0.08378292546815164,0.041306757475015894,0.12813577836484957,0.08378292546815164,0.041306757475015894,0.12813577836484957,0.08378292546815164,0.041306757475015894,0.12813577836484957
15,0.07130037709012438,0.04114448933885377,0.12980831311311022,0.07130037709012438,0.04114448933885377,0.12980831311311022,0.07130037709012438,0.04114448933885377,0.12980831311311022,0.07130037709012438,0.04114448933885377,0.12980831311311022,0.07130037709012438,0.04114448933885377,0.12980831311311022,0.07130037709012438,0.04114448933885377,0.12980831311311022,0.07130037709012438,0.04114448933885377,0.12980831311311022,0.07130037709012438,0.04114448933885377,0.12980831311311022,0.07130037709012438,0.04114448933885377,0.12980831311311022,0.07130037709012438,0.04114448933885377,0.12980831311311022,0.07130037709012438,0.04114448933885377,0.12980831311311022
16,0.09267796602891043,0.040496238477973553,0.15088070856778724,0.09267796602891043,0.040496238477973553,0.15088070856778724,0.09267796602891043,0.040496238477973553,0.15088070856778724,0.09267796602891043,0.040496238477973553,0.15088070856778724,0.09267796602891043,0.040496238477973553,0.15088070856778724,0.09267796602891043,0.040496238477973553,0.15088070856778724,0.09267796602891043,0.040496238477973553,0.15088070856778724,0.09267796602891043,0.040496238477973553,0.15088070856778724,0.09267796602891043,0.040496238477973553,0.15088070856778724,0.09267796602891043,0.040496238477973553,0.15088070856778724,0.09267796602891043,0.040496238477973553,0.15088070856778724
17,0.0957854279095306,0.05375705016621181,0.1413266689480866,0.0957854279095306,0.05375705016621181,0.1413266689480866,0.0957854279095306,0.05375705016621181,0.1413266689480866,0.0957854279095306,0.05375705016621181,0.1413266689480866,0.0957854279095306,0.05375705016621181,0.1413266689480866,0.0957854279095306,0.05375705016621181,0.1413266689480866,0.0957854279095306,0.05375705016621181,0.1413266689480866,0.0957854279095306,0.05375705016621181,0.1413266689480866,0.0957854279095306,0.05375705016621181,0.1413266689480866,0.0957854279095306,0.05375705016621181,0.1413266689480866,0.0957854279095306,0.05375705016621181,0.1413266689480866
18,0.08490744406155457,0.05580890429724417,0.115770579854413,0.08490744406155457,0.05580890429724417,0.115770579854413,0.08490744406155457,0.05580890429724417,0.115770579854413,0.08490744406155457,0.05580890429724417,0.115770579854413,0.08490744406155457,0.05580890429724417,0.115770579854413,0.08490744406155457,0.05580890429724417,0.115770579854413,0.08490744406155457,0.05580890429724417,0.115770579854413,0.08490744406155457,0.05580890429724417,0.115770579854413,0.08490744406155457,0.05580890429724417,0.115770579854413,0.08490744406155457,0.05580890429724417,0.115770579854413,0.08490744406155457,0.05580890429724417,0.115770579854413
19,0.09175084589525315,0.057831715973931885,0.12953279694088696,0.09175084589525315,0.057831715973931885,0.12953279694088696,0.09175084589525315,0.057831715973931885,0.12953279694088696,0.09175084589525315,0.057831715973931885,0.12953279694088696,0.09175084589525315,0.057831715973931885,0.12953279694088696,0.09175084589525315,0.057831715973931885,0.12953279694088696,0.09175084589525315,0.057831715973931885,0.12953279694088696,0.09175084589525315,0.057831715973931885,0.12953279694088696,0.09175084589525315,0.057831715973931885,0.12953279694088696,0.09175084589525315,0.057831715973931885,0.12953279694088696,0.09175084589525315,0.057831715973931885,0.12953279694088696
20,0.0822552093686854,0.05106143144673139,0.1565963299362972,0.0822552093686854,0.05106143144673139,0.1565963299362972,0.0822552093686854,0.05106143144673139,0.1565963299362972,0.0822552093686854,0.05106143144673139,0.1565963299362972,0.0822552093686854,0.05106143144673139,0.1565963299362972,0.0822552093686854,0.05106143144673139,0.1565963299362972,0.0822552093686854,0.05106143144673139,0.1565963299362972,0.0822552093686854,0.05106143144673139,0.1565963299362972,0.0822552093686854,0.05106143144673139,0.1565963299362972,0.0822552093686854,0.05106143144673139,0.1565963299362972,0.0822552093686854,0.05106143144673139,0.1565963299362972
21,0.08229914613847834,0.0399679591320013,0.12496123391122031,0.0965724092168031,0.04789878828299879,0.12535398285679095,0.13667575648667019,0.09883142938024869,0.24069530405941542,0.10900215261979802,0.06208375854179605,0.1593078406728597,0.12560833880299604,0.07978853859703522,0.22537623790024705,0.09612776449865283,0.05868971264122099,0.17637460099120322,0.11388161919524278,0.04893590681924562,0.20105562927287635,0.18873513363436217,0.09394327807790924,0.2825005220603843,0.40421310099056174,0.2131479482727196,0.6651993696765899,0.11078547046905138,0.06852355583963671,0.17431830514788393,0.12490822390278761,0.0809393889489862,0.1862366637708144
22,0.08067132174023928,0.04021228582456909,0.12128222688684923,0.07498773455349461,0.04070709500298535,0.13584961804696788,0.16887836117912233,0.07439353278799446,0.27357282938559707,0.10499623039826786,0.05664367895158006,0.24108433643538926,0.13828584401271277,0.08108724578582717,0.25720616339867014,0.10993440502353627,0.06381953985445567,0.22029674737275895,0.11198714469436363,0.059169546675623075,0.2345486929113185,0.2014857679185645,0.10840691403348895,0.3262436782612315,0.4904075014885761,0.23397160452075136,0.7449168831810791,0.13536360798340663,0.06258266298396645,0.23835492979680695,0.14641587194420697,0.06546978398951438,0.23429303407729093
23,0.08482533847057261,0.03689683926085397,0.14791733138785854,0.09332097161358571,0.05808774232194572,0.1317592502225905,0.1286278832732452,0.08194909713058643,0.25243672954883806,0.1321243365912926,0.06984525449572908,0.19765288452781316,0.15252741571270095,0.08523647817705435,0.2425065678049933,0.12030508032117791,0.08073027356266838,0.19986192785084417,0.1310898846449281,0.07798159324715975,0.20106349054115108,0.23194179463401773,0.11762987469492701,0.3110468909596922,0.4441015092512158,0.2609954454050635,0.6736001003479968,0.1353713333793228,0.05976153632097129,0.20758977168784115,0.14566994003175832,0.07069005414144765,0.2092234751921507
24,0.07663155867329441,0.037053911225189716,0.1211393753729994,0.06386762832809836,0.029591481072126176,0.10105570470496558,0.1384557337783867,0.0797245068638475,0.2460453494382647,0.10166540860788732,0.05873717899106624,0.14965598781783132,0.1374074140220522,0.08316063976199377,0.199984128549919,0.10282305945195075,0.06378745002441187,0.14063435374516714,0.13534066563143177,0.07583244246763671,0.1877364796409024,0.18220641908615448,0.07949800530593878,0.281310875183333,0.3730701262147769,0.26242477282394056,0.6783884742249102,0.10228864214034716,0.06324107518637792,0.1612894989234871,0.10468323037316295,0.07011605073759179,0.17022573955469197
25,0.06976066749487778,0.043865886745881134,0.13513958457108902,0.06952701781235437,0.042628908804529415,0.11413552805475569,0.10633367692002105,0.06690220556234043,0.1780969657008035,0.08479135918379618,0.0535372242356748,0.15700455893698192,0.13300312680093834,0.07790696131717696,0.20410062635669668,0.08806086460172342,0.05574685115811414,0.1633393798387157,0.09785819232181847,0.05147265557514252,0.17282051296034504,0.1671210155108594,0.09910378390313873,0.2817113345616808,0.3632903052972707,0.28558819916459666,0.5814580302952446,0.09103420928498307,0.056816290129822825,0.14264238749950653,0.11518209284290287,0.06330601833818275,0.1938102397734391
26,0.08621100864456074,0.05159366307649031,0.13642766013828964,0.057581348142780674,0.02414928825051498,0.09014700392522769,0.09519048204886135,0.053113956946011655,0.13528013114371892,0.0653569781615993,0.04474832026787897,0.1315904845197341,0.120761952218823,0.05990446266512354,0.17424469808631443,0.07350261729865386,0.04573514762062878,0.12426336479053264,0.08959550941744157,0.04856910472013579,0.14035008167130159,0.15154626637403673,0.09295312487379052,0.20154633497656835,0.3784473949921056,0.17995331122095953,0.5481519299248513,0.104902283637139,0.05936201727554068,0.15393873169644,0.10029090320023482,0.05892691764031503,0.16206024491266743
27,0.09348139241268802,0.06141391244156491,0.152463682686215,0.06148620994945492,0.03153363561616647,0.12110949685204879,0.09448167789631265,0.05374452738569716,0.14766291042757168,0.07834779406225988,0.04826397479867539,0.12629899094116673,0.11243976340828452,0.05095909397843245,0.16859815809651693,0.07956728375000957,0.05020782698780261,0.12339718734737753,0.10023259289628467,0.05844089660040962,0.1422426266658899,0.14054382159862538,0.0629885182034206,0.18649827429170307,0.39536109915749446,0.23835583864565832,0.6182091511738327,0.10561377228330149,0.0614246258191644,0.15939591738416464,0.0998143752393732,0.04976718626424531,0.15689167957584177
28,0.08834090621470303,0.03930421134773941,0.1421604027406342,0.0725292944849296,0.048665862967875215,0.12240777451981538,0.117498628743963,0.05626904699273144,0.17721878013702047,0.0788856259149322,0.0448265352151147,0.12571360721088878,0.10536747316223857,0.06453445407496733,0.16085510689740898,0.08623972050575304,0.04513445157178532,0.12218395918500281,0.08858007859633284,0.05632463862150407,0.13398052992350454,0.1414810794322115,0.0631462742061516,0.1930471770133095,0.5076103606207238,0.27032715505173904,0.7030070395441979,0.10394482154000298,0.052842863669986084,0.1655390557791247,0.08953617494290383,0.05530500366843546,0.15319683729564124
29,0.09372621670123532,0.05399591457360388,0.14075369958817835,0.06119131884020668,0.04000143368758483,0.09479799916468014,0.11040062726341332,0.0688486019329502,0.17542731748176804,0.09513474455827986,0.05347036227282279,0.1387602668805268,0.11979629831249555,0.0538675721649897,0.17485975049607327,0.094282441936654,0.05313382321174002,0.1411459079727337,0.10082224109003557,0.06311016725153037,0.14917792170423952,0.14428157934943214,0.07615485127902652,0.2535939545231021,0.4250961144027524,0.22666836791127962,0.6544105014537206,0.09690737471399825,0.04027969889987095,0.15283569008859746,0.09073202911514286,0.059938274453845246,0.16884091287398276
30,0.10805860394167777,0.04868528881303688,0.15095064607102932,0.07566820932809526,0.0450477119005282,0.12762700537091295,0.09874829664366869,0.05825916941772892,0.15040044274221204,0.07665915085245956,0.04599217979729472,0.11661317540700385,0.08423643713214671,0.041748364188604295,0.16227929011430162,0.07827056408021249,0.03960378537621527,0.11734700135874594,0.0838167364327313,0.034711160586619313,0.11871843238170042,0.1297350105536781,0.06526359222424707,0.19718827563188066,0.4230391048136022,0.23617898500603404,0.6565892727850131,0.08629745724928645,0.056826286283081937,0.15211093054513328,0.08939051860329612,0.05284716783640801,0.14591470301073411
31,0.09719500746215623,0.05953469420959138,0.1337915117691845,0.07501567230979941,0.043750067767700004,0.12056466926461536,0.09074470315128425,0.05405100780371699,0.1450958233727987,0.07835523763790253,0.04620738509999945,0.12329194115847093,0.10997765913016741,0.06482524280459255,0.15842583723155945,0.07373221605743492,0.04850429077025505,0.12160048899937718,0.0740937427301971,0.04197597232042958,0.11808147975160395,0.11315694774863078,0.07361658664289404,0.1856262520581584,0.5470515966110738,0.3432744489659413,0.7208543446180388,0.09187259524413693,0.04485519689257747,0.13533787446281872,0.10048588947498596,0.05645884506735434,0.15318243584057853
32,0.09097315636664105,0.04128412921470286,0.12858673792703504,0.08103827220152321,0.04865529401707997,0.12021140946710732,0.0884011197675483,0.05696782182164997,0.15290202862259894,0.08675930009344024,0.04085947435862141,0.11410569935301737,0.09409530078538256,0.050779477726163404,0.16964549019323952,0.08536993689828365,0.041258044571004196,0.11197495202820805,0.08119309324487543,0.04508555034680794,0.12912067238323727,0.12761774277446114,0.0625493344951614,0.18891185691239304,0.3684374010737207,0.2243661838203578,0.696043920003656,0.09414398791333672,0.05809729088491277,0.13302137153040858,0.09182341506694429,0.049491676664661456,0.14532916062812803
33,0.08247891202732072,0.047772457591374516,0.1297694174419189,0.07593931558493608,0.04872508475369401,0.12624787844249222,0.10491807179297741,0.055546767372329525,0.1560835375133068,0.08586308443328994,0.0535739140532923,0.12252057367056798,0.10845384670124084,0.06632750383572633,0.16392708308585532,0.08253006510496709,0.04627095082317171,0.12382837652067612,0.08515666810947209,0.0348177431330599,0.1341974559036247,0.12104634106105802,0.07356502652005788,0.18914877615262837,0.4713552580928484,0.264396936744273,0.7492913975754479,0.10073491123378508,0.04235645653380284,0.15603793829827034,0.08636017387089084,0.04438175575508798,0.13851379207495718
34,0.08830249211103117,0.04984035879962974,0.15437202834067704,0.07714926075281686,0.03916165589011035,0.13742817310759078,0.12430249761841136,0.06381600493501234,0.17351539379625128,0.10208834731567717,0.06663404294571838,0.1563825109714792,0.12404253204112045,0.06775553536993636,0.21507230333964533,0.10790491959777682,0.06539566416969712,0.15367736045050506,0.0985015603101406,0.05636464986453853,0.14810878411337536,0.10402109888959903,0.05514597103640021,0.1715917295965003,0.5041479993966439,0.32730642426489004,0.7646686955301633,0.0998371439377263,0.05465739085640843,0.16406613450197055,0.11003492963716593,0.07156159639552935,0.15534021556316074
35,0.08922208390776351,0.057465767717157404,0.13008193895362125,0.08715286171761583,0.04891607454497952,0.12828938617924288,0.09463553037840755,0.05262525703963129,0.1641735407419887,0.08248033052015541,0.04782971155275239,0.12765794677588055,0.12594844920225612,0.07310664893821417,0.18584281815684423,0.08077640480571352,0.0459419442782052,0.12667558045003807,0.08569892457219197,0.054087351766895976,0.13527849484647403,0.1267228595193329,0.08312726054495113,0.2103106712717143,0.3462875853914992,0.2074999724741248,0.6440330755266456,0.11727046354598594,0.06514376327039036,0.15955212213452763,0.10106508189177593,0.06908753249919208,0.17112245344947838
36,0.09971388138209572,0.06674780042109699,0.1618399253870461,0.07755659743339985,0.045437050924565625,0.12958210032127682,0.10524938624920456,0.04744533670154543,0.1866988629497358,0.06416283016641189,0.032351366607040605,0.12575756751144618,0.11035151291479248,0.05962490729363607,0.1978909187913111,0.07344726577847907,0.03605123373393451,0.1254249581565017,0.07929532836584396,0.04218700680195684,0.13034127714931823,0.11855546051779259,0.07215064164043264,0.2622074918201078,0.413678893572484,0.24679812306673016,0.5687691065222084,0.09314866199142476,0.04280756490540697,0.1478051549242784,0.1004743080560594,0.05116813376978468,0.14860250376971051
37,0.08281291111639744,0.04251394126014975,0.12620491488577734,0.09586123278019046,0.044306923822380856,0.14360560272335268,0.10176875031135531,0.06919512964403407,0.16805411283562227,0.07614082740756128,0.04689181589718362,0.13703146415623804,0.11466721647790651,0.06727884345423348,0.1684032027616344,0.08413464693843674,0.04840826595699365,0.1364427355757403,0.08818258403925378,0.053279148403072456,0.13398934934280146,0.10504758181477887,0.06150028683762397,0.21866877847794536,0.3929300147757664,0.20533722256557432,0.7386928997157983,0.1025599549708241,0.060612307444755986,0.1633033486313947,0.1118046375577414,0.0633180159439274,0.1727864728356825
38,0.09546978964952993,0.0590638589482758,0.14329019761262768,0.08812161261391557,0.05057649686487901,0.13244460739644587,0.08100440584748769,0.03692266324077026,0.14227804339517852,0.08103904562265107,0.03979756622874002,0.13443667791931813,0.10549466492273483,0.0703465250501329,0.15057632376176108,0.09258862913936358,0.03560078005100577,0.13315213509482565,0.09546566981064136,0.044745764030043746,0.14154810106093646,0.1148123045636385,0.07298482256385234,0.19019849350305512,0.38309227120093015,0.19798183404216763,0.7053734249646494,0.10999913728759902,0.07194335796030796,0.1717846615196728,0.1084331551587073,0.06406028714136054,0.18922417047684126
39,0.09791244303132957,0.054206207402375625,0.1503395425909524,0.06108287823742167,0.033771958453953276,0.12217968565752733,0.11311762713385373,0.06970728994928906,0.17861636651198023,0.09561549253466367,0.042056429215979046,0.13979535549542987,0.12885783105715856,0.07496675348383565,0.18259306699982575,0.09224745754450897,0.042498228697362674,0.13776899244542856,0.09293225615771979,0.050003198321552506,0.13768074212857281,0.156870467607563,0.09215753610869235,0.2426564985650584,0.41434716819457984,0.2534593037952771,0.685468254733142,0.1227245535418881,0.0554130626170101,0.1652134873058588,0.12144521174744552,0.06180113690602058,0.18306871250993748
40,0.0846689219958526,0.04108274805112391,0.12697047441650602,0.06056746187745177,0.034088174693536775,0.1046640981309299,0.07272114482820269,0.045094537410991564,0.14413180720409172,0.05910073446388303,0.032648167228231356,0.09773687826459879,0.08313485980552068,0.04637167107720547,0.12388340809852108,0.06125980246405652,0.029013785540154036,0.09759550672433895,0.07976803647795722,0.03984809450736696,0.11226738971551932,0.10837469756586673,0.06814753556950928,0.1886526845599498,0.428570150590729,0.2466312641999504,0.6568009007254593,0.08152794272267101,0.04604170508676825,0.12406565574011519,0.07656084134614921,0.03918408413387788,0.1456516132796693
41,0.09404729511014163,0.05964644615651494,0.1549394858197805,0.06945964616558263,0.035951636382872264,0.11046397090961181,0.10277312539836286,0.05808146772826067,0.16489897102373016,0.06860344086541381,0.0400202064110346,0.10019069174097704,0.10429644490091389,0.05030726721173151,0.18109233937077152,0.0692517048354736,0.04025863444800839,0.09758072732951753,0.07756737813932843,0.050629002570140726,0.1293904919228386,0.12112690991691845,0.07081237623652502,0.21223887328658742,0.47764026136983884,0.21472294006560275,0.7021565609869215,0.09027784089625646,0.055321600756626774,0.1585325872700816,0.10344115590980073,0.05275313866492197,0.1593314665528678
42,0.1100571159075076,0.06679901868792043,0.1717967083940611,0.07588881303943834,0.04475933304200659,0.11426073204943912,0.11579453873397749,0.07175656870770093,0.15232491808913295,0.07715068452652654,0.04553269949394991,0.1260048383468935,0.11413488576874292,0.059000273044600336,0.18182990060941798,0.08289998770048694,0.045362365745185075,0.12407830994111958,0.08969319771230413,0.049224121071949435,0.13601094250089618,0.11189679380622308,0.0768437519717825,0.19548752845540604,0.40871315836214633,0.1933590014068946,0.5964504734214594,0.08846744260457257,0.04968371338598819,0.12745445701228253,0.09101501046248336,0.0437221310864284,0.15999363469623354
43,0.09218485661089788,0.06025898123113019,0.15072699178637808,0.06492614440321988,0.030146417871719865,0.10351327868624155,0.10749879555548486,0.06526935029661309,0.16642197977436998,0.08530155504863518,0.04829167513572068,0.12443011331004558,0.09126036352047721,0.059273042046622884,0.15666292063390824,0.08343968537361836,0.05100569248357462,0.12172664295138935,0.09853615480524315,0.055153138717219996,0.15357372190196555,0.11324358767819051,0.07083412879262148,0.1750273230081995,0.42543918741883346,0.2611677841426115,0.71383981680595,0.09964032414544455,0.06665832200105012,0.15773887514694718,0.09739758082862149,0.05796617661040665,0.15484596399521972
44,0.07819510296411686,0.048152734006113126,0.13258161298970927,0.07774462181220407,0.043985233993100996,0.11762983399834728,0.10038627062633632,0.06251604457623314,0.1512025783582924,0.07399227028278464,0.04610033152534474,0.11299908889720314,0.10313816412739349,0.053425755369152034,0.1692114666357285,0.07374071561470218,0.045395521847484466,0.11732329909514749,0.08797656960727943,0.05477845460434673,0.1393059870191491,0.1396810526643519,0.07378240004468653,0.22910150248610076,0.3734558430872248,0.22729104790905993,0.566772693410328,0.08842493054292586,0.04503567932994533,0.13744165160083258,0.09224445879055973,0.05022216948564094,0.17497676096604797
45,0.08928748918468199,0.05064277817855239,0.13201508579972854,0.06145355992477505,0.033743278303783604,0.11291456096890767,0.11060166086030575,0.062739670759444,0.1739833063247708,0.09238033127444881,0.04283025325845924,0.12879323913688293,0.10765158847230202,0.06289312449241165,0.1830179412246872,0.08622711058026439,0.038583049789982254,0.1321780625979541,0.09507855620536965,0.04029332747606957,0.1675616677887381,0.1263346737508721,0.07319491152317983,0.18146325795287624,0.42426643298403866,0.25453905782443087,0.6228152793305503,0.1118820831215076,0.06619115073883655,0.1595643289133743,0.10377939940295339,0.054131686334283516,0.15531960927004762
46,0.09007669788941491,0.040328548538909395,0.14295710566111505,0.07836220761574017,0.04553781220098937,0.11258321849331816,0.11292960276011116,0.055529480199775584,0.15161612248859574,0.08218663500215895,0.05000210000406969,0.1277158995864998,0.11783682720456523,0.07549623524925196,0.1761688895492027,0.07878849904291776,0.05181122205559686,0.12567233172212913,0.08499368464346944,0.04024394708294572,0.1314469575442875,0.11927115621402093,0.06325130234279427,0.21174107297021613,0.4279855846852888,0.20136910794003293,0.5742375550380652,0.09012269772009837,0.054762816619913356,0.14772840165796947,0.12481095785517496,0.06853959840911023,0.17244983712753492
47,0.08818228505561923,0.04138596978671653,0.1507469492302564,0.06638718061857195,0.036275468822286806,0.10752790454194386,0.0898768875543596,0.05367663090170908,0.15193266378424553,0.07173616621731937,0.03854860433109929,0.1390370749379861,0.09735792309761744,0.057623423690642675,0.19008559307465273,0.08232008670172103,0.040154098578383465,0.1418839058201753,0.09648611101538102,0.05871418616227854,0.13372742130848986,0.12643087290741956,0.07030434688865175,0.21312767569303767,0.4845636967349124,0.30621443913494834,0.7306773277222287,0.09212952290099242,0.059454035098337625,0.13535147941649106,0.09507056953223386,0.05385359270685751,0.14210213783935
48,0.10218905764402923,0.0574159971054138,0.13871234198693158,0.08912841556783685,0.048060104671965705,0.12341313662912483,0.10164274719810358,0.05098998966808814,0.16912515544089382,0.07758513461212042,0.039507207307107356,0.12440177952623205,0.10115968414574322,0.059593805481935706,0.14980328146812327,0.08447103896057076,0.040976252571563364,0.12655764807469735,0.08607158784422514,0.037412428893120464,0.13920858202903516,0.11335805673225081,0.06955557422820115,0.1828006599287741,0.4754763272617719,0.2251278852821852,0.6688925837596368,0.08758361515778439,0.05168380881282751,0.13477378689932004,0.08673603804327598,0.0457003286966209,0.13444566090697233
49,0.09468381999910547,0.056323800940799515,0.14093913629603527,0.08377775360814785,0.042708544979435874,0.12749028638370916,0.10481351139743447,0.06855217318618888,0.16980322300118653,0.06714758732794845,0.04201827474878299,0.11012649174542995,0.0965192714801453,0.0499920349577277,0.16636976591154265,0.06997872178533016,0.045218021898953444,0.1094186862024204,0.07226497316271471,0.04471231680719569,0.12638682376294327,0.15830231182445997,0.07603593174542943,0.2498496918850227,0.42677312245205595,0.242715378529104,0.7013592466122105,0.099025421696248,0.07241433646525798,0.1556978038009861,0.08042816526337293,0.04480509236293467,0.13764866389261757
50,0.09075273864211873,0.044423683077881235,0.1438638535884542,0.08135399633323998,0.05042595342373893,0.13152962127375914,0.09331649482578985,0.061602406901648296,0.1815964850998113,0.07382261585727147,0.04177390374361,0.1316749726416849,0.11970014935182849,0.06161386142261792,0.1736723618546658,0.07578259621220584,0.04249561615161489,0.14190828431396585,0.0887208455444775,0.05400777733662451,0.1649901140233704,0.15123581553818324,0.06717172134644914,0.2521000082902656,0.42267772679631604,0.25077680776935035,0.7098758566532689,0.10739639534566525,0.06258193718059932,0.15663667394996847,0.12278901641712145,0.05216668513081979,0.16753827207786132
51,0.07587473218329091,0.041939478695027246,0.13340603110890223,0.07688551863753201,0.05107496933361798,0.14186447534203947,0.0819129117534266,0.04545218325120727,0.13909951957752784,0.07811203899141361,0.05657582736438417,0.11205675488727858,0.11059761547792532,0.06954462831383756,0.17931334087206455,0.07927413153113633,0.057086508083104844,0.11190633341235126,0.08779309567533275,0.0547765265007234,0.13143686124959772,0.12307063983104827,0.057033249374462636,0.19091597423559056,0.4567391045941711,0.2987381339826005,0.7426073434176482,0.0846609830516964,0.044633689111482806,0.14036907219376474,0.08457198090910448,0.041572048038234014,0.1514963878624381
52,0.07736258760094361,0.037870379507561266,0.1275740620786806,0.09419590691171607,0.049360169192911904,0.13379542516057205,0.10229592195740789,0.07150641514501742,0.15725109958336986,0.09171309091335683,0.04323346747491593,0.12321233479538622,0.12199722138675707,0.06729529267822681,0.21617800194597067,0.08652012306766396,0.0448019294524647,0.1262292806004444,0.09412573979303197,0.05821841554901091,0.13225321050560412,0.14467075648275216,0.07499444888194154,0.22885001556120235,0.40939468218742786,0.2642254541015823,0.5849919181197792,0.08957433872245685,0.054367785983019876,0.13456949257717796,0.0777552627212731,0.05134402779187297,0.14656187475618807
53,0.07312861122640667,0.03828860423258047,0.11443353758422332,0.07785762366922797,0.042544717208495876,0.12821022420614586,0.1054060957174588,0.06888054693552037,0.15646749171056273,0.07645477890562773,0.03764880323605063,0.13403260252182014,0.1010647418369711,0.06402076199892316,0.1916437849158578,0.07786688384834928,0.040324822196468546,0.1342851774352136,0.08155939706780696,0.044791910983039064,0.13455210141893842,0.12671208389214725,0.07228519964373958,0.2550066328362491,0.4913788627379833,0.2932093230810114,0.7000367598645576,0.09459965603522412,0.05746919188732778,0.1421280308178413,0.11348728092614915,0.060904647988978454,0.17785278628121975
54,0.0825928026444459,0.04335416228989681,0.14176281519540743,0.06981726267713273,0.043106921369829694,0.10667850550741906,0.10265393945857268,0.05002219178820252,0.13934584220689974,0.0684192345963957,0.04815988108687153,0.11275105476347862,0.08982642472794247,0.06205939690371428,0.18326802159064984,0.07686795783013016,0.04799876728034979,0.11448311508314483,0.06484991040815144,0.03366719601010212,0.11764048109848387,0.11306777102792431,0.06137511035691334,0.2059397346263562,0.35219361058075976,0.20677584858547246,0.5465782451856551,0.0833295782749568,0.04117277625604859,0.12637726941436953,0.08200418897504957,0.05179702053203756,0.1332372457682516
55,0.07687167682912022,0.05064593489890877,0.13555107289977214,0.08667966616874567,0.0498266580414114,0.13955879291971357,0.09889516564524371,0.06154621350689858,0.15584815267070617,0.07734105105444528,0.048722231192552375,0.1138302884593768,0.10563208599176635,0.06061252919163359,0.1605585868875161,0.07812352228384561,0.054734567170624526,0.11902030845560009,0.07594851454119275,0.04777379436714346,0.11328707006919964,0.14594081264951253,0.08115305131425135,0.23175882135476122,0.42255835667468195,0.29131030862474094,0.6746100636182961,0.07105407578996896,0.04857953954937141,0.12701371073444487,0.08913210758926716,0.05260757181845869,0.14440455469709726
56,0.08155134413302345,0.042473290511874734,0.13327759790142815,0.08066059412083137,0.03925765757660455,0.12329135538838709,0.0875647135294353,0.05644365258853866,0.15549851525624406,0.07943404031270276,0.052106737706200064,0.11154011994324137,0.11122521575117335,0.07943186710091213,0.16960472643112978,0.08074858716968902,0.04973542313830603,0.11100738578661445,0.07535861317699216,0.04535713980770124,0.11435018724629832,0.10711121146131031,0.06336507807184405,0.17483798949207321,0.42168474463412986,0.2318038646211878,0.6494015611825903,0.103233620554355,0.05573269678665126,0.13903631229133281,0.08318253377783166,0.05794418097247696,0.14224213113552275
57,0.088151841693974,0.04825886998374703,0.12146764946124551,0.06727505098125282,0.03913608741416841,0.1155396059916215,0.09874422135968813,0.05406498992684356,0.15775205231813863,0.0763201315170326,0.05489020129319528,0.13093953142703246,0.1133775434093271,0.04467163599690551,0.19531013338497624,0.08246126532865297,0.05078113611066183,0.13143198750239304,0.09538076830006526,0.05158486990274145,0.1421176767054025,0.14376672529147977,0.0642346920195776,0.24260646381125314,0.4122623993527087,0.27297207945989516,0.7102739647843066,0.09293788106390002,0.046934293233476455,0.13926767522197658,0.0993963701473515,0.059300925272575515,0.17442630053067273
58,0.09996132879573073,0.057945810294380215,0.14268674419471442,0.08972867572667875,0.05289195502750469,0.12215552270570806,0.08131856927915809,0.04927710289854818,0.11905424769389542,0.05662696146251278,0.028657252154627832,0.09096442703961177,0.10677264069224052,0.04642808086093375,0.1612250341082057,0.05859080169561651,0.030942774034816205,0.08971272808353624,0.0652527585968803,0.032479827827814,0.09375158029150447,0.1373132405380261,0.07586210120740144,0.2025807592207112,0.39070818648043926,0.24804959191543646,0.5887412718546994,0.07613167871378251,0.04512114126438444,0.1188537023093003,0.08521074292773831,0.049143959535737636,0.1295293684970305
59,0.09991047367655798,0.060618102286414455,0.13621470621064682,0.07210744444128836,0.04284608632647259,0.12634537692790332,0.09565225641916293,0.06139456013738396,0.1518227190777956,0.09134296570520972,0.045474220134051314,0.14548371490796116,0.14088759545880633,0.06598747432740562,0.22376043131822754,0.09277167598692204,0.04739088570283807,0.14812902698980024,0.09986926384096073,0.05309518931630149,0.16789401579073676,0.11821659534552059,0.07153619004368586,0.20040302481240915,0.36736794280673624,0.23077922104773754,0.6246200907808526,0.11521433569057364,0.05904086275873008,0.1819249384564374,0.09198000315502794,0.05564363968379188,0.1781958104769031
60,0.07700213936072635,0.04942982249775658,0.12409278058097842,0.07474144380525516,0.03962057953344071,0.12084988769916252,0.09948640752908416,0.05979869718358168,0.15873102114607934,0.07612267797126297,0.04257208133195049,0.11522298096916878,0.13083350203910657,0.07544097131787918,0.1941765619218865,0.08267527884680154,0.041891034412508986,0.11450186298926708,0.07769744589202077,0.04483540387041633,0.12900626545646987,0.13700904715181436,0.05883425537807666,0.20611358762405535,0.38150357372269045,0.2762570880438244,0.5526805794764846,0.0883607951213365,0.04967334143216559,0.13386186392832322,0.09675489913186364,0.05326771617486454,0.14001794680236584
61,0.09109027604542924,0.05332974942805917,0.13689922845289548,0.07437897354401013,0.03729433002207344,0.12084092560643037,0.11702225137376707,0.058325059281524524,0.173894850342953,0.08577391234941154,0.05699783758374074,0.14162127902654686,0.11850623358695336,0.06899751313463523,0.20718320246956004,0.08914390314743961,0.0557927953829615,0.14567986871959054,0.09986428071947061,0.04997090690090224,0.15053089154479532,0.14491758016821638,0.08518822678819848,0.2463045056916538,0.4571541952578407,0.26461772948163,0.6599267097271879,0.10464912602868565,0.052165187470774095,0.15932051147696993,0.10913003923063351,0.06672661949818132,0.17141857488711484
62,0.07937704080619354,0.045616557504231964,0.13296080746470976,0.08731821313811894,0.05983303569663988,0.12280986649915965,0.1155346714121544,0.07363852695351043,0.16779385080674122,0.07254087310284804,0.04905503545675132,0.10054698392429023,0.1005160174584561,0.05670492519937576,0.22498694526547172,0.07348027291592824,0.049609233476707953,0.10268439275717689,0.07613104729139317,0.042791299478828475,0.11816513624083526,0.12329137002507991,0.0738321839777898,0.19826279400186514,0.4426620724767765,0.23666709485061274,0.6320179748979478,0.07919884302616624,0.04245563827057687,0.12833299936813325,0.07307659391713915,0.045297683248653145,0.14719096936570217
63,0.07237264692618128,0.04586438073599505,0.13437649234144727,0.07568672062395132,0.043175774482930966,0.1222962910408169,0.08981007897745147,0.051220267912914196,0.12707134341828025,0.07806380120471623,0.047860783360806056,0.11024138175317566,0.12564204521047928,0.06820288700632737,0.20031562240949868,0.08517855472719293,0.050569116357067435,0.11108124163342234,0.08478835812431768,0.04745922325757235,0.12319337101602688,0.10361141700614407,0.06431529657950108,0.17446348439633277,0.4763685622849939,0.2149378067926626,0.6917510569837415,0.10414832353803535,0.06059187797643326,0.1505101651891103,0.10166651654056219,0.059522674035181265,0.17094543722589475
64,0.07393131359271332,0.048259584189522656,0.11463718816006825,0.0688683244666588,0.039359491993068034,0.1060842748953875,0.09667057437029186,0.04549042365676835,0.17380678476487546,0.07792445436898013,0.048715251463735294,0.12160490059487264,0.1545317931848111,0.07480409570136279,0.22753668056269216,0.07748762471519977,0.047480383867920826,0.11826020275792713,0.08332493506824708,0.04603062680382735,0.12679668620480583,0.11205775541594393,0.07822153701897559,0.22817889526276622,0.4266291562187073,0.2196461185387271,0.6216774110153588,0.10561735801435124,0.0626968671156014,0.1504654904909561,0.1120800298568341,0.06374429916558097,0.16603217377057106
65,0.07985577967938562,0.046982929761307114,0.1277039764505996,0.06796304757684146,0.036726444014292876,0.10785285848409425,0.11265054826679398,0.061296178715662196,0.17370624590881986,0.06369414230109927,0.03494858836065133,0.11591363620460622,0.1124281056056496,0.0656418142085937,0.17482378544101235,0.06236099655244284,0.03978636153827347,0.12005754908093845,0.08326940498036801,0.04162339996606663,0.12431899039790459,0.10993064615501741,0.06595851776757798,0.20419466917616466,0.3622749923135998,0.13916343814187918,0.5763164821455489,0.07961473271978714,0.045990934217410316,0.11287740641610092,0.09891476998925552,0.06636745037587631,0.14563390813110305
66,0.07861618031690559,0.05211028350247825,0.13045275766247993,0.08372222087777959,0.03859234902137395,0.1278818591859906,0.10364181684015213,0.06447812956987033,0.16199780389934595,0.0859503173339164,0.04886730747833499,0.1243440303495927,0.09836986521469263,0.06339532903187613,0.17490987435134223,0.08557295823807948,0.04986405371312817,0.13241166822957096,0.0859308599168935,0.051501209185107075,0.1477644006624722,0.10729061966082515,0.05918633558239656,0.18988798078821562,0.37337300817308544,0.18821153942421007,0.6323776032965693,0.08875403908632618,0.05356921626685624,0.13904999341989147,0.1044114288610673,0.0559445353266395,0.18661472546250515
67,0.09829769439892919,0.06401513150300592,0.147310765008007,0.07245787904622919,0.040734482805086916,0.11635429972132239,0.11529688186563848,0.060311710682419674,0.15943840642665474,0.0888551934868072,0.050415990581310896,0.12507505475598793,0.10751612117072351,0.06748743358874336,0.1520964767591593,0.08913924635069276,0.04875772141965621,0.1226109474028047,0.08638138310178214,0.05499841281754606,0.15390864741584048,0.09862912988087774,0.05778667639232153,0.18725737355428687,0.4542780888326485,0.25365629604058787,0.6750453273703094,0.07571135145775942,0.040796103694741424,0.13803370732340095,0.09675249091102682,0.05243798915285122,0.14677115105787994
68,0.09499924949294679,0.04741087981368347,0.12992601536919843,0.06977344585941761,0.04495534629492981,0.10317456034690564,0.1034197456406632,0.06919425242068827,0.14255798598330532,0.07818779141851445,0.046295504739598356,0.1171543730483084,0.10419464250434879,0.06546299590743217,0.1586986808497578,0.07493705909458986,0.0488460053064996,0.12543535997603436,0.08692051257656819,0.04507059517271321,0.132533645978369,0.11139910928336202,0.07064187398640916,0.1849367927844587,0.43291614134490125,0.2435397722037747,0.677009772996239,0.08803895995864933,0.04832379680922634,0.14095535121374694,0.0908556793575576,0.05987729555404125,0.13799985152042377
69,0.08107502312555553,0.048903988815939096,0.1351397664884473,0.07392522683954417,0.053429597871204104,0.1200321630491108,0.09057710228876603,0.05552614292286857,0.14558700581244935,0.07912768596690876,0.041624251373348846,0.11153016849124799,0.09587032699220932,0.05998828210665149,0.1592491707166206,0.08031674226630967,0.04317068772293077,0.1077541995841485,0.0819250797340932,0.04661821701466797,0.11426048289093035,0.10862367730573408,0.0680013600422431,0.17627919038531,0.3403199229490681,0.21968195184501896,0.6811739629294923,0.07929847448044122,0.054193718528646295,0.1498030849635129,0.0880526364612356,0.04379747652696531,0.1535426441904254
70,0.0811462868336735,0.044458402913244634,0.1214534305114144,0.06704423390278523,0.04840360171440623,0.10868191352553924,0.08810348001960966,0.04437388378443677,0.14129108629985437,0.0748203965786303,0.04643121819103113,0.11209163798437044,0.12470749196138786,0.07492464497841463,0.17402369187564617,0.07678737793320793,0.04687190042127796,0.11650187262782062,0.08110589888955834,0.04206529785931999,0.11809234570134891,0.1281056770037664,0.07013793328031875,0.16735378554730368,0.34032084264512996,0.16576494738517886,0.5882099123650318,0.092607616276491,0.054231204797279005,0.13355961059508809,0.09605530739341214,0.05880026298107372,0.1586979287905956
71,0.09045053494666863,0.03732911626437538,0.14459007797499124,0.06744800584205767,0.03834421368053599,0.10467916443325248,0.1237507800317103,0.07392268913482257,0.16202345763644777,0.08530682490883668,0.056701138581030854,0.12176105738539895,0.12089703725227335,0.06515890172880148,0.18209364904079633,0.08185311629903777,0.06019254080086157,0.12360644862158633,0.09257954775919909,0.06135059631676101,0.13019345612549857,0.10792296727415712,0.06151031848809139,0.16519822651656205,0.40714545588888945,0.28161723105926806,0.6883324688290391,0.08430483070798134,0.05340719850241531,0.15245044831745544,0.09648846330854133,0.0655799995255739,0.16609038935429568
72,0.07407511295011793,0.042494738388856604,0.11656155335555037,0.08412831468375376,0.04318359837952476,0.13630064829870805,0.11427318302816242,0.06409063415762344,0.17139132222260198,0.0844572989294411,0.040285326933659805,0.13157861006041988,0.11987317585655854,0.05903001619881702,0.21104088070886237,0.08105228508615023,0.04439107503693113,0.12913874824525043,0.09097966882283107,0.05318902125897108,0.15548975854726674,0.10851462263441575,0.06664146956809572,0.19710509852691688,0.4412883574262193,0.26216846961411633,0.674921222346912,0.09071947457957945,0.05318517695508033,0.14906667115761718,0.09470325322900047,0.06252671683358138,0.17166503345087203
73,0.08861179488010565,0.04812520850087527,0.14895368997181924,0.05992344355323091,0.03359709263704506,0.10046134836018523,0.09508354551586887,0.055446415894876054,0.16648931134823958,0.08234056334493711,0.04620573020533255,0.1358569362876859,0.12262059299753876,0.07150595708650796,0.20109289505932104,0.08162578439583701,0.045561577589496145,0.1365938884341844,0.08776565465076175,0.05010911714474138,0.13480799896192147,0.14385702850763574,0.06458468696681852,0.23367448174735023,0.3822861190190599,0.18354472440664718,0.5817813859034201,0.10184256623659997,0.0642826080748131,0.18452742075194936,0.09797912854174462,0.05597455816569157,0.17366408242468873
74,0.07969290055579815,0.03215596839533941,0.1344876242864055,0.0788212591355979,0.051976595634798874,0.1363655256402326,0.09132593654115395,0.04878002064827232,0.1707767838045781,0.07401233505458842,0.03331218736462389,0.11989925562082351,0.11655224951042242,0.058183310684340815,0.18268472651465076,0.07040015223834864,0.035728939691903855,0.12061082936520184,0.06869248815186152,0.031642544302591884,0.10768321316278501,0.10038979539352909,0.05867728861184494,0.15441847016832286,0.40201103120412085,0.25951409597815384,0.678902863764265,0.0828636613204364,0.04417836803429439,0.1411807337914415,0.09534363283237862,0.047174673196206565,0.1757916436332636
75,0.0772624304853201,0.03868182003211039,0.14252670903868264,0.08966984273652923,0.04832838359161711,0.1290671982865719,0.10772764062063686,0.05953768253750802,0.17430043082292887,0.0807129768435586,0.052670227921904005,0.11333796417754223,0.1003665666382568,0.060973640998403106,0.16314801956680489,0.08481352675697884,0.05340897967511173,0.11153898420790166,0.08626981643550272,0.052156297059925145,0.12349257317668046,0.13508345187764692,0.0704355605643287,0.23945129901917203,0.44140019609097314,0.27316731168873076,0.6725990772495806,0.0937898306067037,0.06252438529527164,0.15173752089242762,0.1116520547042969,0.06525305547013328,0.16674190746507764
76,0.09944934820057091,0.05870508212943869,0.14124783372973557,0.07271136453391994,0.026303519053339296,0.12236388976503154,0.11325759815122222,0.06405074915109747,0.18269544339852908,0.08495955091014576,0.04073268136702422,0.14287997086022455,0.13100852473897961,0.07765275889510007,0.19668425892511174,0.09140244624611513,0.04328813827968314,0.14071949491717242,0.08391073840802706,0.04427643350623436,0.1408301509200969,0.12744824920834052,0.0503445087700381,0.1947959693241456,0.37813379660645074,0.20227236447901017,0.65839633717179,0.09279749286111826,0.04424165821763036,0.17563996638190849,0.11192539926979896,0.07007296167434968,0.18366322917669353
77,0.09932088859991076,0.053874671431298836,0.12669947821016522,0.08348886139063405,0.03963165765697952,0.11773425275002689,0.11042929363150876,0.0760585581842732,0.1480804525130003,0.08030568382237122,0.04760658793715767,0.12017974235891694,0.11209394364078062,0.05175583117792272,0.18697646948873178,0.08113360458412774,0.04865493869139919,0.12349816536209429,0.08664511929327917,0.05809161072394348,0.13547523975934955,0.12058202803477765,0.07412828082424948,0.19382941283809801,0.42581148034095234,0.245434145472259,0.6593227006411301,0.09773970778422664,0.05982402544828941,0.1390821696623027,0.09765744649574434,0.042879624282110104,0.15615896456075443
78,0.0834674742655885,0.03264280260091327,0.13037229296088304,0.07508185480688481,0.04727926819709821,0.12224950974134037,0.11149227345350193,0.06385736099535903,0.15999323390052964,0.08766998010747107,0.053650271075708966,0.12371779889362094,0.10087558180086309,0.05783711449635316,0.18656719190560891,0.08642579059265756,0.05349208863992894,0.12436133818544022,0.07787931309019977,0.05430278083377791,0.12215112912486199,0.11693238478627674,0.0669439379494005,0.17881486478462516,0.43473088350485245,0.22737863880024323,0.6319623169788252,0.08539683371110546,0.05319732637147133,0.14777578500942679,0.09433463040146783,0.051205842732726894,0.1502120262663541
79,0.08277446368266367,0.04803497507157367,0.12576960145294758,0.08768509280107795,0.0543022240113435,0.14605667119685556,0.09793916936834811,0.05344924505571891,0.14349296291863392,0.07980732998532909,0.046865014845903,0.1223796276247921,0.09086304432786207,0.04306173544877421,0.17048032260718787,0.07923279962261318,0.045095570095525665,0.12733094531069403,0.08757577439187858,0.04452101997694416,0.1291256245551233,0.09387335985117619,0.055150008694743256,0.17730225865170762,0.49486346766620415,0.24546533836360832,0.6826566345242738,0.07843495699643827,0.042897190351779996,0.1437844271779845,0.09320794689409576,0.04890695712445201,0.15450363383739624
80,0.07107371021108738,0.039491920144409956,0.12383966127330129,0.08278596232546559,0.04099253236728644,0.13832746617894354,0.10671395415926296,0.0591311890965967,0.16791665845159554,0.09075000869367719,0.05720582439050066,0.12399012470076562,0.0891799758904161,0.05298340379109946,0.1623499898802759,0.09495997215392686,0.054030991195411514,0.12030814052316295,0.09524013445022506,0.0474856954717376,0.13218771287943032,0.12364125139673968,0.06697529451587096,0.20547684023034612,0.3706780556083259,0.19863116845806986,0.5180201063567403,0.10157781379170905,0.047640554280580553,0.14289863364684277,0.07899101354687771,0.04224618312295697,0.14325539245516627
81,0.08730437874326517,0.05623065044224711,0.12989934694563088,0.06257722548332642,0.03618588591436844,0.11419860557783508,0.09728980626869853,0.03801318327973847,0.1370826726370468,0.059199833305295366,0.033140745239654,0.11532705420884051,0.10656841506223587,0.05277747385487597,0.16159729689740954,0.06659647242087874,0.03200227180707261,0.1181495793898566,0.07214588083695178,0.04603746870111132,0.1233706134391956,0.12632256958865057,0.07807756878416428,0.21958290497074043,0.35329164019767356,0.20369567610560788,0.6546844303233592,0.09537222258280403,0.05196792865324519,0.1495434276342314,0.09122600154919297,0.047384875407438576,0.16393619011526767
82,0.07927170086535817,0.040434404908327615,0.12264125453321365,0.05857953595756505,0.03558836158792595,0.10179031685689198,0.09335824158842818,0.05793777589616435,0.14894404186185448,0.07552318068340597,0.040570791734881616,0.1184080705764232,0.09292434512760406,0.042484461529262135,0.15177329315467608,0.07933034877853717,0.03761868372972981,0.12160878258706703,0.07457387014089435,0.042372874005179896,0.1253655465091934,0.10292707599556952,0.06108046868605125,0.17638220727422335,0.35704225381139953,0.2259863253078286,0.5813957152299114,0.08440221641218171,0.04459220361130709,0.1397041049549654,0.08095019341397379,0.04844762963739983,0.13674454716638743
83,0.08744096904739374,0.04366364314521479,0.123792131589407,0.059595001628724206,0.03245924278960336,0.10650641292360451,0.0963847426567813,0.06471894346306717,0.13924302995036614,0.06541718697071326,0.03585881893364623,0.13576922095860527,0.08192024337579856,0.055591964615252516,0.1301198511278093,0.0692254587981655,0.037566263933965865,0.13183532912703425,0.08630281588291305,0.040847280091700924,0.14240691070335063,0.11815016377283083,0.053449240416239475,0.1836259419876102,0.30692699254158623,0.18075116934695853,0.510657307944885,0.07922882942284952,0.04592467435217988,0.12514669610205667,0.08786996402640214,0.04304783497649567,0.14466918139351193
84,0.0843660362342245,0.042602633110154484,0.12095921140388942,0.08054751640608132,0.0408800471926743,0.10636314057788777,0.09594161868759782,0.04835810391578516,0.18622910971404313,0.08455880104925723,0.0357557512181695,0.1339867901984417,0.11809295115905774,0.048002777672848836,0.1754188350339183,0.08205217095111234,0.03861706249610345,0.1302147190279421,0.07871602765594085,0.04038850854697383,0.12715420954344012,0.10085524340436428,0.05033447520946429,0.18818673118849996,0.4240687451474358,0.2606649025589208,0.623679107918672,0.10359232837497254,0.05086246491395574,0.13768928096644265,0.08756819248268621,0.05545012663603199,0.1546231651988728
85,0.07149501673143453,0.0437788541274462,0.12447460303642315,0.08861634861310042,0.05197538865936776,0.1267101690638435,0.09106764691990024,0.03685169629237325,0.16289382940458397,0.06679768988863113,0.03400161863608916,0.11126290876683087,0.09940201572643717,0.05970920149202658,0.16731920882120555,0.06355726730336955,0.03141374155830292,0.11189300212686946,0.07747822355794845,0.044099425064153715,0.12621035000779968,0.0922262325605537,0.06263783295895341,0.1980181975392985,0.37745044018307716,0.19129878178585433,0.6376491050501799,0.0953305917971031,0.046620857864338665,0.14249206112368884,0.08408459195384695,0.04155272841367677,0.15214820561117035
86,0.08468415154249076,0.05131644567853666,0.12873370087098568,0.06733077777271929,0.04450551324995084,0.10968312210515632,0.08433417705715412,0.040249520229367494,0.1413244511955249,0.07272442835443055,0.03442212593579756,0.12107309096546595,0.11126747237519909,0.05788898803312373,0.17463627844710702,0.07194638012698096,0.03666367280602267,0.11705641201511825,0.07630102011794122,0.042302063913729884,0.12573716583295305,0.09068445981307321,0.05135596756700158,0.19813176649752542,0.33373647922957317,0.22848183652844212,0.5839890957559446,0.0872373772796684,0.057090047736510705,0.15049520909451158,0.09598850134046266,0.05193932277248153,0.15468597565846678
87,0.0755299080216267,0.04560346849520329,0.11498504115966598,0.07336029116774836,0.04250875139374539,0.11185892835688521,0.1155667849808989,0.06479984830216927,0.16792978845852374,0.08104504620218478,0.05112224830103954,0.13210109561547048,0.10020673539188985,0.057233786724855226,0.16358565307197342,0.07557002532342377,0.04680157179545367,0.13360492449222994,0.09341204552401294,0.0566196936038652,0.14905094904308633,0.1346248330936152,0.060234651772786696,0.22309022036262677,0.3970822786105382,0.25559384924660805,0.6114976386377999,0.09950530062004964,0.0630752525311882,0.14096751858537057,0.11658553885344514,0.06062096764960534,0.1669711430369045
88,0.07923385246586034,0.043591857235479,0.11425141459247956,0.07349240510926358,0.04246061389952792,0.11353970480276836,0.07294774691275477,0.04266551064019232,0.1427387847670939,0.06678126993099279,0.04170831918580325,0.12409232052110815,0.08914587068879587,0.0647912270114226,0.1512010298310295,0.0718432115957941,0.04237318673037836,0.13024003372847678,0.07377598175802477,0.041770578712102255,0.12607696664493429,0.11343268460685338,0.05548990934821415,0.15894952809803373,0.4692231823484747,0.23498391897348744,0.7542330225037402,0.08425821715967913,0.03970161242604171,0.13375914979517328,0.0728297937054952,0.04249705073990984,0.13807371414981826
89,0.07966921839901331,0.04457357968003438,0.11498522688332147,0.06717588599844526,0.03853093255976747,0.12447533174629836,0.08721830967628483,0.052013240671576415,0.1354314563809407,0.08340768696429339,0.038065314283617674,0.12873576449459187,0.10912443356246432,0.0594859561157753,0.17298936816031896,0.08519569067003012,0.03616579332437085,0.13505585606610834,0.08104354229722915,0.04044589040742475,0.13736865992232358,0.1352114894901388,0.08034218868900118,0.1952251821054216,0.43231769493563943,0.26622499846789927,0.738409244449017,0.09225375822395424,0.05606668084138031,0.1470985819057498,0.1003978450046747,0.06296695673130331,0.16784220586753495
90,0.09796198897393445,0.05433610682297134,0.15893036907910615,0.07812465729050742,0.04742450450322071,0.13298318042010254,0.09796764932977532,0.0535706238297908,0.14445312340818636,0.08000941403550693,0.043706639165450346,0.13251487115629157,0.11359100273219529,0.05121658551513272,0.17123460979882837,0.08528433947922226,0.04386285353472254,0.13889780193968618,0.07331557415620193,0.051275861492215274,0.13346666853835945,0.13332142312833026,0.06859130805709668,0.18763005768269964,0.4528539556207879,0.2846424385256446,0.6491851587858011,0.08878175874708398,0.052515895650848174,0.13660823973968358,0.09587827541441031,0.04623129982394882,0.16895138576468996
91,0.0969999422236715,0.06107293368405449,0.13622181899788605,0.07621443104345424,0.039716345005265656,0.112347477060222,0.12367677932284137,0.0659314046862271,0.1754166641440645,0.0883694063507813,0.06089717302394867,0.14136285957429892,0.12146556151992774,0.0715593711933196,0.1762257835460792,0.08961281333576365,0.06285233495160862,0.13735886511324097,0.09355061335213627,0.060385010976087596,0.14307595034679413,0.11618552407175481,0.06642850758452515,0.1834019437305731,0.4451998359417939,0.23437642122382343,0.7297321813908322,0.10288409494586273,0.06030174372557944,0.14229713062346838,0.11274776613766951,0.06075833749674595,0.16463167839268072
92,0.0887773653077299,0.05322243468220928,0.1422145318473139,0.07326586704092736,0.04992037662470049,0.1285513317893729,0.1074855374706443,0.06235433701547717,0.1591869439838871,0.07986790581062697,0.04097918416916742,0.11806948699935613,0.10241236244036367,0.052543952819047945,0.1552183015740046,0.07857521362832472,0.04421936927968757,0.11629122616873003,0.08540103022619625,0.05662877572549817,0.1284673422826678,0.12421208460658209,0.08670560339973574,0.1954764725239762,0.47622571313351103,0.23695945887965247,0.6398012586558025,0.08073332434859598,0.05972562556298775,0.14541308815985757,0.0981750158302185,0.056759064020174735,0.1464680063378323
93,0.07481421779644476,0.043296057585798166,0.11139850477546688,0.05725063937212946,0.03506731611800592,0.09919332818687629,0.07842041148097906,0.04356854261515483,0.12762967156690727,0.05901022512230719,0.033849875363763895,0.11478242594229404,0.09784232913327456,0.04824919582607333,0.14935535456134083,0.05593170212694221,0.039741810295890787,0.10827072725469886,0.06419552412469683,0.03184020190303226,0.11458454476582619,0.13980808337224593,0.07361946072840998,0.22350792652999482,0.4696671432714139,0.27460256160727403,0.7211987132699761,0.08715766825428573,0.038776555500677844,0.1380687034089013,0.09302543521662156,0.047706390796862966,0.146630215437878
94,0.08867461675911709,0.05944287722094501,0.13231264284772515,0.07554109629603727,0.03544509615846509,0.144875929501067,0.08679956720311913,0.0495216210989131,0.14112472073976792,0.08355488995763372,0.04648941749726672,0.11771069805454369,0.10270225096200725,0.06528426695858593,0.16714751074078,0.08547072414373337,0.04764804537997229,0.11850423413809137,0.08662652722309827,0.05475939242329578,0.13196142504394298,0.1312434875424881,0.07059653542768121,0.18648016626210198,0.4881284489994613,0.2704313111274201,0.6801581419936278,0.09515160969779779,0.061900092113561685,0.14507566952081918,0.08660867712665116,0.057593398750200656,0.13884007408164178
95,0.10061046706026155,0.054561875683421635,0.13569588603712116,0.0990522197742705,0.04719984254212927,0.14901618707397174,0.10586685621950423,0.061462061039829916,0.18884871190632885,0.06754295351956716,0.041605940064817014,0.1299145943311322,0.09024444007192511,0.0528920967410777,0.14845540168277102,0.06589280065886971,0.042311320523930177,0.12659993350399495,0.07997396632965756,0.02990967285337289,0.14259299390708916,0.14719969467840283,0.06458946619631004,0.21995964103452875,0.4219849235705107,0.24378486478751357,0.5940126486258301,0.08328314850973853,0.04696329476277206,0.12677848601568908,0.10394171286547602,0.056359920127236895,0.15500382435949278
96,0.08098937681125315,0.03507808962336602,0.13976757202015208,0.0936922570592951,0.05183990987142254,0.14529560111203088,0.11447807593822501,0.06364085310665783,0.17197964989274853,0.07663308153630674,0.03867854094805218,0.1188760051066778,0.10586618876265974,0.042371561809421476,0.20357074805477085,0.08156711167240706,0.03693082981967188,0.12459968516059891,0.09390341539338926,0.05265327328498083,0.13066233697634602,0.14939679059014022,0.09378392669872267,0.21071326109376412,0.43079444342928697,0.26555461071207215,0.6046214803130675,0.10720078478496932,0.050499596963730485,0.1661902337034449,0.1079652598283029,0.050437862024653134,0.17355119460502538
97,0.08852284578831843,0.03177856662615662,0.12469739982614683,0.0855998005778938,0.05053633370432997,0.11751554058455978,0.10219586492527799,0.06622796905591948,0.1650279451375292,0.07825358049797052,0.04364774568124732,0.1178199476619788,0.11408459150917205,0.08005678501107177,0.18556661364995194,0.08355703353995211,0.046793384791208786,0.11805360634066715,0.08780924441894372,0.05287381288718216,0.13940618361731902,0.11179186414194783,0.06758369539349024,0.18299369178504163,0.42288577347241085,0.2376775323265209,0.659469808664165,0.1060981376149026,0.0638193494001333,0.15979766171758894,0.1270644195453654,0.06030244155304671,0.1954886631767812
98,0.08212733274232528,0.045226709036171236,0.1179718504876907,0.07657618551158664,0.03249148709546441,0.12370516736957957,0.09361211569560862,0.06283373120031754,0.13653202583672525,0.08066726097851884,0.05481332452305266,0.12236266417533456,0.08735310268143631,0.05938838364555066,0.17718234890812043,0.0808737116293113,0.05464078896827596,0.1191644501820574,0.08479309966518878,0.04748166968605916,0.13490206368161783,0.13529918784034445,0.06256172993672383,0.19220897088510405,0.34680541341108984,0.2259631254306961,0.5827350689416502,0.09870987615125006,0.055807123543256655,0.1547693410029426,0.09956150753914797,0.061065166427569297,0.16418060522567068
99,0.09050422805558922,0.06558388252283794,0.12610544788875658,0.08824862768563874,0.047125654764178064,0.12068253533025697,0.0680871937380156,0.03750330887719659,0.11618809060884143,0.0789152414875462,0.0436492792707472,0.1100073793392313,0.0854042550372974,0.04861783625858625,0.13142496789138441,0.07583824144958107,0.04506992681855986,0.11061573098297549,0.07501852688652333,0.04108119015084013,0.13266621259143896,0.11978232203374806,0.05246111374722404,0.21168312666515607,0.5032366085091451,0.2574020300368014,0.6805239297833594,0.08175176109479243,0.05542799109860682,0.11956613553203287,0.09306142878024942,0.05520608885241887,0.1545255517951659
100,0.08380817186450759,0.05326578222423093,0.13298019363571542,0.06319457373783341,0.03879088761352845,0.10076370325056588,0.09319717085411233,0.04470078489345277,0.16517068578125543,0.08013923072549947,0.04392303749013791,0.12217111645379926,0.08807980234560142,0.04846729984821694,0.14114214979971199,0.07639195143115178,0.0425735809209745,0.11956593423943562,0.08497886965303664,0.03731721623321484,0.131357659344959,0.1270524064676361,0.06606948820163909,0.20763069798456998,0.3708782551841763,0.21555103548147458,0.5977091013882536,0.08705710827786373,0.06025535982768036,0.13434568145261788,0.09421070692690192,0.057617318833159424,0.16541046761042535
101,0.06841315862822572,0.033216720555055555,0.12413279143137677,0.07547150391393584,0.047859270561849306,0.11449798415639499,0.09664560902206637,0.05840944775999095,0.19857892812419975,0.07878434361934777,0.042889053498728354,0.13163336686313157,0.10702203630285825,0.06638468937212798,0.15377095330373952,0.07662248922569609,0.04631103108321886,0.12671662806159437,0.07935922425638092,0.04607603001040633,0.13874126718538402,0.11617288553953785,0.06191757255022034,0.181218988871772,0.4130307932512629,0.18408354165582824,0.5632590748204706,0.08164524177105288,0.04280065896759294,0.12862302111350402,0.09830019004677058,0.05790925689165946,0.1601730758444849
102,0.38863448592737715,0.20766101253395503,0.6564713661304065,0.44685593463450524,0.24006658000148634,0.7001135592557183,0.4388038604251314,0.23580612807535747,0.6492545306551204,0.4764932438154608,0.2541981982846846,0.6749789399285535,0.47290948645416003,0.26756907789178863,0.6705416664723988,0.46747225196679376,0.2514897952260336,0.674842616953032,0.4753045582183816,0.26259201781506253,0.663078467989342,0.4718022122198269,0.3067386912174839,0.7112302117708053,0.7025371584030893,0.35943246026752435,1.1813082224305886,0.4818204848137104,0.269949423913447,0.7216432006366852,0.4583917042294468,0.2866258245879117,0.7020903154958628
103,0.8362508308424936,0.4383857285372965,1.368798112316169,0.7525666382165374,0.4863056645599159,1.2791751861488598,0.771405586041829,0.45278286806714774,1.3038368617156135,0.7794454848951182,0.4487700103972071,1.2194006300505729,0.7646179174829284,0.4229949187627597,1.2497372065659986,0.770755708963573,0.4446033828834691,1.2181151041280713,0.7905595899115372,0.43199806001279734,1.227356139609846,0.9272440928118453,0.49421746060963395,1.3292164594792213,1.0411155671404861,0.5609564434477939,1.6386092501792677,0.7832541106061119,0.4212134329703308,1.2556900956791688,0.8225323443205508,0.44416454873029976,1.2713155517168961
104,1.052522535749357,0.6254751225263141,1.779449171461229,0.8939862912331602,0.5230189266807194,1.4819508584417844,1.1442592773487907,0.5881100342821933,1.6117388207989094,0.9507956279700853,0.6146147821356459,1.477018458934564,1.0161217031442964,0.6031824840835674,1.442517795326222,0.9439354333110482,0.6202640398074906,1.4790993623173339,0.9929592980426788,0.6105702756798048,1.4911236767432992,1.1017844253899591,0.6842691455100977,1.7655836197501187,1.315274762667873,0.7361979129989763,1.877637078607693,1.0221638498164949,0.6742557914405856,1.5051612416253446,1.0126367272726877,0.6461261739737812,1.4910299310908772
105,1.113097667791298,0.642418197546143,1.9856392769532278,0.8724542157976706,0.568656849257636,1.209657861698415,1.1320766373494004,0.6008160090528593,1.8297930214890175,0.9245475623476894,0.5777300029695694,1.3777823735446735,0.9931892096810027,0.607132688430375,1.2993286223157023,0.9227592216999683,0.6045495258195834,1.373016228164951,1.0389854202603799,0.6209686541223164,1.4663480780927234,1.3564798649062229,0.6920968242322881,2.0158761465829356,1.4057798687037883,0.7945683727124708,2.166027652324815,0.9524977141607646,0.6104913844836729,1.3611192908624992,0.9487128817400101,0.616992519224209,1.3468872844928794
106,0.9825990549517942,0.7133699948875529,1.7436302729350959,0.8010648377363183,0.45774518533732056,1.223156300838225,1.0254304927801778,0.7908914665885481,1.8108780608208561,0.9032347561429508,0.5564702901608486,1.3376786436860773,0.8731590974273873,0.5363960053402858,1.4878135237304646,0.9076937835809724,0.5554319342290422,1.3444077667829575,0.9965257578381624,0.575548093256101,1.4955969381854304,1.273313337829106,0.763277516288182,2.1964429377724977,1.3124018473539807,0.8550663849486684,2.3362495486634103,0.9210706344039696,0.5451818567822586,1.4621399896898777,0.9167139549380091,0.5422589577562821,1.4762258962250974
107,1.065471853789152,0.613792146167012,1.7820890175532254,0.7808036586135394,0.3567441152656147,1.2411539998375445,1.108483914695504,0.6944160563563244,2.3308086444194545,0.9022745151017388,0.432203892733427,1.3993198026481988,0.7131193958974565,0.39182065464179316,1.2508093618487643,0.8948821855456854,0.4252430168909508,1.2875161952167857,0.9244468847151083,0.47524180318467063,1.4250832254141574,1.3554664756978578,0.645320298805778,2.115287088392283,1.456704281706882,0.8756165292779935,2.7013976167347753,0.9721316434505866,0.3862160259075006,1.3653466983374594,0.9904267472205581,0.35858294361139065,1.3588822903141051
108,1.1047356670493367,0.8106025804668885,1.8943393684772236,0.6543863092793596,0.37826981111844993,1.183377276447299,1.1919287193100292,0.6267703358930241,1.6914175255920185,0.8972184018752756,0.5451630445850195,1.4523781539970724,0.7961054061634989,0.5134108503409544,1.276006195551974,0.898310966739222,0.5723821479279229,1.3876989786659952,0.9018386022123503,0.5677055684095252,1.4401860713944212,1.173029143862958,0.7216301882431743,2.1267295001900814,1.7220480832597316,0.992677915981873,2.624858687617445,0.8304268967611893,0.5674512380504534,1.3315285722792158,0.8162886010751171,0.543564905306959,1.3500148417535018
109,1.4631696404744226,0.8590052894480578,2.173482467934443,0.733558260532012,0.4089807190680005,1.1420372847891926,0.9225548057822552,0.6025078306853443,1.7609011559795988,0.9740789376642625,0.5432240203705914,1.572509614898682,0.8625304780459395,0.6027949021574006,1.397751144807912,0.9083405863532528,0.5037532184882724,1.5372459841137318,0.9516668030786399,0.6404315106748711,1.638785847393953,1.3462631377010068,0.7353823387609539,2.254949134054854,1.885452235410905,0.9794810919168038,3.0417676711259127,1.016743310612285,0.6095290241484347,1.4104861154942088,0.8600803782723581,0.5507619524178112,1.3411430931282253
110,1.5751136670133565,0.7838829839453046,2.914542649646247,0.8653113208311343,0.5485912755246767,1.3544026217875285,0.9078469243317454,0.5222857906112284,1.8687556369267941,0.9036832751064723,0.596386891558048,1.6054753198685066,1.0432702667702958,0.6835829334242313,1.6154307882627572,0.9478492755762206,0.5639042181585814,1.651893988359127,0.9929823694061621,0.6110531091386474,1.6591351344244991,1.6523942866487298,0.9310973963272958,2.3731150094090627,1.867973114163122,0.9769177313627221,3.0701784573304365,0.9700024923678277,0.6507699147040259,1.474680569472333,0.8668360361530234,0.5981393540382531,1.348048628801375
111,1.9107669629640838,1.205251080206228,3.001362733883062,0.8500638400001415,0.45112042951118553,1.3504651117581277,0.9860160758928865,0.5155912520986071,1.57933836738267,1.0260436574568794,0.5893304629227372,1.5973108790616468,1.1310260254021416,0.6439258914390533,1.5966304645699434,1.0807894311599764,0.6353045899029993,1.5600091603883581,1.1746729009077372,0.6080382851147818,1.5815460512896258,1.2698467867844754,0.7661175521261545,2.178121560449588,1.7938514411419595,1.2651353800942946,2.9529879561343,1.1580978746925288,0.7859172890036982,1.6667848973106263,1.1857861855609437,0.6868154139572323,1.661721209989216
112,1.7215330650748824,1.28568351107672,2.5095066678494575,0.6901433944594947,0.37698971057002434,1.1902804207925948,1.1928010664649562,0.6481278170601568,1.869260387176111,1.2214446832890322,0.5816506457814902,1.6466856653241413,1.1909628178535872,0.6223477546888465,1.5980507133095705,1.1398106361765543,0.6137368606632425,1.6155505490618385,1.0583207575588753,0.5841599816408704,1.7014891328460413,1.4139869458723915,0.7562099167471372,2.2928819566273244,2.0368727781627447,1.1425828761228842,3.003202992255644,1.0726065787152947,0.5568152454601728,1.5445691134788935,1.0780291894916658,0.6535577030973095,1.7174806493221197
113,1.5985275559631926,0.6486884273709381,2.9859921155152396,0.6817730633288894,0.35690157773260817,1.0300845020095115,1.3887248363288291,0.674166114511887,1.7397120126022019,1.1019063340535349,0.6147085619560917,1.528229434000047,1.0691866539540713,0.6310458454488944,1.4882145633881794,1.089526301871526,0.6464370936624371,1.55713587323267,1.0867634746959816,0.5968980326662298,1.6614751387257796,1.4593204797087758,0.8654359247003056,2.1228278905670943,2.0287550914037853,1.0028002734835977,2.889620551986746,0.9860594813049933,0.574284276053731,1.564957427044152,1.0619978694461445,0.6496073868814217,1.6052588969244128
114,1.7138248011135704,1.061148032834175,2.6735276280699662,0.6541445065220535,0.39287282548037705,1.055343056546642,0.9722312199656833,0.5970582572394507,1.7437596428718203,0.825150752203798,0.4486224196117832,1.3286584504289367,0.857741495242619,0.5145426029246121,1.318867840095824,0.8792271868045363,0.4729189500201295,1.3212559709055802,0.7583119761910028,0.401221864047095,1.5569884322810512,1.2586952058959395,0.7044021141254166,2.0062723372161906,1.4496607508001915,0.9943940836942071,2.9509065414453253,0.9843255340137986,0.6318241615363926,1.384916160745832,1.0037718061761935,0.5409349760297978,1.5455344832344768
115,1.7488002336455994,0.8708928394900476,2.6762720514691822,0.5220371627753128,0.36029973114252983,0.8959334737432321,0.9153167373272103,0.49076976141490264,1.2756956696444437,0.7454183254158839,0.43994508248883196,1.1168979851123808,0.7559628168259722,0.41033817521934296,1.1629364135508182,0.7595997849795835,0.49698969562299,1.2181304572509613,1.0170630244268137,0.5256058126948608,1.3895706000010084,1.3258767414854666,0.723993014967988,1.8696953941511505,1.770532486026421,0.9554527369094067,2.976737742632303,0.8300781396674985,0.3829521969428156,1.161732597593105,0.8720701772220212,0.4946473677908499,1.2560455303605738
116,1.7587126007665272,0.9512655932585247,2.5736683311347375,0.5648965106600877,0.35984474674097905,0.883348251811759,1.0360300480110194,0.7349358200805634,1.6275481109186147,0.6282900694293105,0.4449961788763959,1.0409272182846596,0.6814210215974005,0.3615911016880686,1.13299043425343,0.6708772509903629,0.4471744136718947,1.0648787238666246,0.8078999040618535,0.5328850797481921,1.0613377783654518,1.065176642677544,0.6831789500165816,1.6517575301300493,1.795126678887382,0.995810983963569,2.880466544730605,0.7572097105682454,0.4290335870921437,1.461836053441081,0.8273335200538431,0.37826139006210757,1.3016391956370117
117,1.7247437165466977,0.9117107493687728,2.5595661890506136,0.5236502419244116,0.2945580286427088,0.9280837410738052,0.9868884187694313,0.5493406250841822,1.4554417616792568,0.871728191532024,0.46916812395027496,1.311656092308766,0.8605710119554781,0.5137431122537336,1.1889630119823709,0.8889289620096865,0.45953816806831,1.2366676991335563,0.8468293360194341,0.5321814741435883,1.420377326940851,0.9303729206866653,0.4717134645607475,1.6080112952747565,1.6413478499430305,1.0291419864512965,2.687332238925824,1.0031277553209683,0.6042109268155861,1.353802621343256,0.9478191499089141,0.5076224509577981,1.382436446165988
118,1.6721487387645806,0.8547043070030006,2.5133657743440243,0.38246498561787556,0.2650331270800481,0.6690507479315605,0.7196478406871459,0.44427755089267307,1.2419284246730782,0.6725012660661969,0.3266792247671675,1.1776596414062117,0.6959185952560092,0.436126770545595,1.1544822583938945,0.7007846118922778,0.3709066265724017,1.1631180375571615,0.8222780912520282,0.3872348761666139,1.2686931943353341,1.0606617446197193,0.5563006998741606,1.778277225073033,1.6300710200100945,0.607957734881861,2.5857624423576673,0.8039901505796584,0.35479076736435683,1.2106362577369947,0.7742505659721001,0.4333791412208724,1.261682571216364
119,1.3727574342729065,0.8073235484825045,2.4508152662139273,0.37359601578733254,0.1950568981477106,0.6849785509632637,0.7268199817028603,0.402976818099602,1.2360252684230493,0.5576734289465659,0.30638262856251935,0.9855988375804594,0.48213694201986673,0.3119506037415969,0.8860155751179504,0.5519964202016645,0.3011745208892005,0.9021892898663864,0.5975704246866181,0.30508600907590244,0.9764099828053597,0.867237347768463,0.45897273507255454,1.5634505537863366,1.1894505357208187,0.7185975615551988,2.452868838720716,0.6509524076443747,0.29668252608182405,1.0875381878179724,0.7088639545476394,0.4050275789107008,1.1286104908170125
120,1.3554240177423786,0.6713229504905749,2.1419119307229004,0.47654328522285494,0.219331560253774,0.7071850391206432,0.8040539487749514,0.4733009531040677,1.0714021613602225,0.49675199850879714,0.3161413146926324,0.8633451517711627,0.41915174056179605,0.27635906880622524,0.8347841761666457,0.491185180707455,0.25759322101678034,0.8400930689670658,0.6502358485518425,0.4081062374821282,1.0856821775937708,0.9828792422188796,0.5051016254838918,1.6260609990462085,1.2749174369649048,0.8145301754321693,2.1860181547503625,0.6203662716586735,0.3847322592189224,0.9606638704177892,0.5805692276216912,0.34484677784814644,0.7944073451555853
121,1.2003233639654027,0.8422411657008346,1.8418687812735424,0.44819104388490144,0.24306384117279262,0.6763593285885783,0.5063413518024942,0.30293494808830956,0.7345857874278955,0.49306618988448575,0.261671728552056,0.8984488704413872,0.42180615593190124,0.2345514540017318,0.6908289111054188,0.403840500237314,0.2080368352914468,0.8047686770234193,0.5668803584697556,0.25324498505061455,0.9221012562282555,0.7327122239511551,0.4056221477639949,1.1802623543064765,1.1848338778006435,0.6538612946189399,1.8670768328219918,0.7145277353986506,0.32237158660342213,1.0648769975450634,0.5859752219688835,0.30185417189835667,0.9884200935448522
122,1.1697070376899943,0.7194406023901447,2.0302818687087,0.4213717806389305,0.21273161896085963,0.6410410362574689,0.6095943441345091,0.3427292090684026,1.020849227916886,0.477545392255169,0.24988343063774043,0.8645831587740856,0.49824281759579114,0.26134136737565283,0.8945027466521618,0.49196050707838757,0.2335936807748933,0.8650578848915341,0.48712127975100944,0.2681946043897524,0.990340928999944,0.8186124376005607,0.3416175891217305,1.3946551998923629,1.1597516038259834,0.6774792780421863,1.8285879560616378,0.5942174141624714,0.334374595155301,1.0555227979266288,0.5664232438633034,0.31206286837728886,1.029059888226664
123,0.9599151522035052,0.6010477476590921,1.6663371394208528,0.3324369197224578,0.21327437564415686,0.6101789642749577,0.5986834117381986,0.35517029923669263,1.0988169660155362,0.49706036068802195,0.2655564139560968,0.7184801423748367,0.4047495256531448,0.20214695644280728,0.6733665862750154,0.45005344398397124,0.24695266286315404,0.7138139811476095,0.49767967564252497,0.2699425418862196,0.8352229034535248,0.6916726051531824,0.4289977904890424,1.215712590943593,1.0382408614522876,0.6382806348420351,1.8782929720547634,0.6297681708528489,0.3316109742824041,0.9455969299226101,0.5180730543281347,0.3145682775885689,0.9381112306097847
124,1.1051415932095896,0.5585087402839711,1.9383160885825759,0.4028421073588687,0.21793472645393336,0.7702007956321506,0.6286235747393463,0.2944040871876842,0.8420214804522019,0.48135517500611696,0.2510501251295557,0.740691424687858,0.47706205701197923,0.20421232993528998,0.7164988974033553,0.48764339989153327,0.22183067353171662,0.7415434556620915,0.6040819822235697,0.33868436849512823,0.9033282338636682,0.7743244886012378,0.38368807365511565,1.3730921421774962,1.171884654996998,0.7463340142335816,1.9559323869380434,0.6824674486833194,0.3605514628151007,0.9531882322868815,0.5401358312191513,0.31605224404349247,0.871491012406889
125,1.400801425516953,0.9270170020627496,2.09532869289509,0.3888074940795928,0.245671452747794,0.6614636638271134,0.4454767583618,0.23583172111272357,0.6499082740103578,0.39850613588117895,0.23911989001101774,0.6144917965313249,0.37991253142168185,0.2691681349797191,0.5612638101148943,0.4186722978261658,0.2603039118843879,0.5846272074699681,0.46869040143134955,0.2612529327277926,0.8855731689713434,0.5668056586633066,0.29130268811550986,1.088797281952676,1.2662471699725444,0.7616281912126255,2.0367220284075334,0.5348104758794425,0.32971669369877327,0.9502441315146508,0.45031682408371937,0.19797042487067065,0.6724220278844472
126,1.3899017926420862,0.810641833140972,2.3122738124449818,0.41225287249867115,0.2516186836069011,0.6810360022487543,0.4916619915631253,0.24792591737687247,0.7509768082914301,0.4432255596921027,0.23237378506538287,0.7031266928794787,0.40287363617136146,0.2624547046393443,0.588549396117877,0.4331072932438117,0.23074854446193743,0.6582319052755927,0.4659003096443114,0.2535518820238625,0.7915568415458948,0.8070979887220369,0.28809512872367227,1.3042198914788745,1.4433584914525779,0.7748425669902412,2.129851012442732,0.443380180819061,0.2867044714787941,0.8799400599430252,0.53130621943184,0.3400897048794428,0.8195775071261852
127,1.5996519666390399,0.9603752546896134,2.624939182002626,0.43511738678439266,0.18291083632607488,0.6504169757465164,0.5699782032871374,0.30246357323346723,0.8352458545728142,0.4699665106142501,0.25682016531106416,0.6628868876682354,0.41199086925366557,0.2618880505791191,0.6773192143271293,0.423540564512,0.23455713186360336,0.5989659044530931,0.4972980744964716,0.28299994039600684,0.6718247315415236,0.8078102185889329,0.3884223237283898,1.2760047439100244,1.4501857392868556,0.6452880340015152,2.453511107103718,0.5479878269772442,0.28708733429597383,0.8444739179310577,0.48007956805279917,0.25278057399096876,0.8096064228801927
128,1.6509768471114843,0.789109429433025,2.733587750564842,0.48974249944283565,0.3330707357144237,0.716853452412839,0.5883906315984675,0.3430209149239336,0.9118535806234653,0.42811479125440094,0.29751128004550015,0.6496156235148095,0.41692150914582277,0.22834904430186634,0.582374080679256,0.4310018899016286,0.27011685182699924,0.614229245928912,0.4919167180823337,0.31314669244120263,0.7785475802877653,0.9927903424065232,0.5192477377427349,1.6384902694806869,1.4999269336245789,0.8344818205579912,2.406652584068195,0.647387260643438,0.3724261321183113,0.9198788189699282,0.5633523451939635,0.29150880602360274,0.7849239733025394
129,1.8455026161421464,1.1205879455121008,2.5435719374277515,0.47967510270262237,0.24881720852950193,0.7750111741275885,0.6078200858231857,0.34627394445111637,0.7789694249172227,0.447746749127941,0.24745152009521132,0.5651644911153719,0.36693542969594156,0.1966375039229374,0.6010647787540057,0.41202861472802743,0.2415389899061282,0.6153717374442598,0.4943446982438604,0.28507722061023494,0.7122614218423284,0.6292835407157322,0.4159078219070161,1.3324314595751108,1.6015425407425945,0.8680469355910759,2.389233217071367,0.5618654816112867,0.2516796030327533,0.8468883174048414,0.37752121939125505,0.17761614340348755,0.5822304010806683
130,1.8941454042447852,1.0605924215206863,2.5087175072465198,0.4522308963131928,0.25827422187424715,0.6497035151958485,0.43491712838593455,0.22959075402067863,0.809178447145343,0.44953218976991266,0.15819796757040783,0.653454753158625,0.3968405973864737,0.19346885470928266,0.6803493820647785,0.4757145906815794,0.2359810909406499,0.6717480757557618,0.5153567872062037,0.2770839609144522,0.8639256859672538,0.683431820957016,0.44892816744380176,1.0494638589073428,1.704994171478687,0.900517260994818,2.518635134905093,0.6123828055687932,0.3383334475755436,0.9772608606508518,0.5071886893162496,0.288875606528311,0.7818513237960908
131,1.6373744783845665,0.7719401783425789,2.6807379087324357,0.4391236938270998,0.2685383471514363,0.5988696470223954,0.6366552973478421,0.2882522768284088,0.8607135898532098,0.4203543785474845,0.24910639066289852,0.6400126689199317,0.493806191721853,0.2725877618693853,0.6939140286122434,0.3739769854852776,0.2188225828545203,0.6683849481001456,0.4768430638162985,0.25990728115865636,0.8142601148258493,0.7396557810963583,0.35965840645123354,1.2808855936755617,1.3711757541031913,0.9725678806943261,2.24237953730497,0.5654678325766861,0.2851097677481113,0.8742778283925932,0.48035000518699267,0.22575832681001587,0.7154634341127263
132,1.6619610296762333,1.0552387993470962,2.7343313372007714,0.3875756593224039,0.24625697904168511,0.6396328420698407,0.5344473767502362,0.27627562002477135,0.797677819344843,0.41741277224857726,0.2544839292093311,0.6905299798618225,0.4265180614044267,0.24288839996116998,0.6398863773393898,0.39504185191230723,0.21575866383158118,0.6564761055711403,0.5270609532725313,0.3055603356386369,0.8027363436425328,0.735041836644574,0.4098712380459874,1.1950907075456225,1.1938922739713995,0.6559827100223017,2.12108012955281,0.521953659345078,0.293771490868116,0.8301879993053597,0.39766645670679246,0.2540782687197324,0.7003922727762416
133,1.6297778047906635,0.9151413935783632,2.3652847039032654,0.34262271020583723,0.21763129707683812,0.5571558600402696,0.4709195319752877,0.2240916069312919,0.7034198396168654,0.3575130817325137,0.14843565301794795,0.6051160957796529,0.4146707762085089,0.20057890284420157,0.6198976048382926,0.33967507031278427,0.16299724808143576,0.6749819544714073,0.422375601015212,0.21464054982061578,0.8140235396045329,0.6987903607279278,0.4107611184472545,1.0354314838125886,1.1421843780148904,0.6688337106271391,2.2009219683811385,0.5090736350510203,0.24828281089658713,0.7864974984381623,0.40039099876482354,0.23269793022803067,0.7224324483050475
134,1.2767766068918533,0.7991231427140871,2.247011808377895,0.4648011685154121,0.2247875121771283,0.7152817993953865,0.5556334205301727,0.2998990623095024,0.8177670798734781,0.39574196213758783,0.25224745618808886,0.6966557859607286,0.4217211851427126,0.2422143490428586,0.6455613874284858,0.3720727678038367,0.20768789441567148,0.6176633942348816,0.49261293302751863,0.273403944806805,0.7706674640395711,0.5771536780197278,0.3295222193876779,1.2023326987564087,1.3473447634027544,0.6953356802265764,2.1917831805589882,0.6207856962879974,0.2868841460107431,1.0199793104601436,0.45457888037021094,0.2768270000738438,0.7906209824856155
135,1.4778047207549878,0.5924879535010835,2.5468170079808807,0.4119502039405766,0.23727130752208517,0.6439047579343242,0.4330579279820034,0.31302435632398473,0.763370551092045,0.4599171432529421,0.28440622829891754,0.668191895037889,0.43926509394025726,0.2906620740660424,0.6311952414939671,0.43661993771911245,0.27079144231661745,0.6491728651529582,0.40968917363762436,0.25273001038515147,0.6150171903485275,0.6565958889377039,0.3384439477581277,1.1975374841114608,1.449666299732813,0.7416736873605903,2.448448372169544,0.4971723649852742,0.28140350310301004,0.8523925102248793,0.5167142545396941,0.2311557570498726,0.739675255204536
136,1.5572599559991445,0.8761865322721343,2.5286472546335217,0.43488112436651627,0.27307156161890034,0.600493114585939,0.6185063568872606,0.3944995896133643,0.9387029037459028,0.37495506767238096,0.22923543983881048,0.7131467417430537,0.47251731692538523,0.19767021476808927,0.6592043446820125,0.41851964418951193,0.21497614443985208,0.7502977073869165,0.467984480882369,0.21924723297061452,0.7262457857780436,0.6845356486683153,0.3748762100974326,1.2713421516551608,1.3727781215884969,0.6681983691153437,2.3995723723064843,0.5976794117498738,0.35671310935609063,0.8826633727712119,0.4738530833104294,0.280353627080506,0.8349161076297831
137,1.481025106217724,0.8822473914807819,2.4882484252195862,0.4202310287675451,0.24632464107950944,0.6153930112094321,0.5670291701089314,0.3585050246833542,0.9966394910493671,0.485643394131693,0.2853316999720904,0.7519827746573761,0.47884260240437226,0.25625486029351074,0.6925613456429724,0.4821674688700247,0.28864641851485856,0.8007816818673863,0.4967576527522049,0.26815487470060206,0.7751180169918637,0.7786531056342482,0.3396389064361514,1.3107937205225622,1.3805424492535607,0.8401625571064313,2.2543782232357326,0.5128597431948629,0.30307974832746515,0.7755966490740622,0.47802714356143394,0.2952532655456453,0.7638345304341577
138,1.4852329011399545,0.8927349786831978,1.8930926432709418,0.5328913846625829,0.326559147012256,0.7936101302754882,0.4737613241080443,0.2633369931642944,0.8243042968237835,0.34841933906127165,0.1869214347149785,0.510648158511624,0.402974712102051,0.21094089170181687,0.6264468092323758,0.3585140568810803,0.19121915054093713,0.5555234564692342,0.3908683104046179,0.1961205206823945,0.5835759802595539,0.6810114999314756,0.4342096068392967,1.0706156541791028,1.545801032719112,0.7301179976932926,2.0992212470313425,0.37828884464343693,0.2361477635060869,0.8383656017535952,0.42717228200295454,0.19314697547433657,0.6506145327058902
139,1.818408347786637,0.8622896999181474,2.6038002048152133,0.4516717157296679,0.27504851702566757,0.7678088386169409,0.5378801784394374,0.272721394736493,1.0440841637824707,0.4300093020402884,0.2864453206320368,0.6824864880445908,0.5227511190742327,0.33197470811555807,0.7381781592543709,0.4228201062304441,0.2626712140396254,0.6721524938694516,0.4014162375791207,0.2619565289061861,0.6843781850772126,0.6714706220187214,0.3574522937277182,1.199658312244928,1.5284188509042833,0.8285427713828556,2.4493486507818854,0.5328842276962206,0.22317367392714232,0.7775755972438637,0.4795673514344432,0.30077862725378196,0.666826866171156
140,1.5892760182190602,0.9434068453891269,2.6322048467909203,0.3147861927376554,0.17805142163269536,0.6134187359296468,0.4836945064051581,0.27195845378210964,0.8094071011598787,0.4180414066000018,0.24208977806754653,0.6606243208452378,0.41433343142364204,0.23019966647216075,0.7538862033433307,0.39496428216543883,0.20559534861992151,0.6309359166493902,0.37526625050867535,0.19714204589117504,0.631229237358195,0.7283524191776406,0.43195169843682985,0.9664041773710775,1.3283195802137566,0.9207906384196706,2.4385886836297437,0.5285641136213561,0.30131025886858287,0.8589474020412255,0.5323561781139181,0.26568544169942393,0.8027609287889597
141,1.7011612039773776,0.9713114665385647,2.7590255825807004,0.40628720289272896,0.20997559137654898,0.6210309616918174,0.585227416827399,0.3303147052422693,1.0843587434575903,0.40582557917563533,0.2189668910564618,0.5720418400394084,0.3202112536777527,0.17352674842663662,0.5048884519136875,0.35919106723091754,0.2206112193133409,0.581423075690747,0.4780040657488132,0.30127004558644965,0.780696814670142,0.6478455029819534,0.27775157044292614,1.1781576230447885,1.4741477368907492,0.7715513647852641,2.397036980474146,0.4422370062467398,0.26121626109566626,0.7397843714372844,0.46826307743041395,0.24795513848502776,0.6937020480709757
142,1.6404884929436145,0.791444008132859,2.7523382826861504,0.5314763866983774,0.30345304404460394,0.8313211673274904,0.5137478468544531,0.2965435823752717,0.8368005249165468,0.46160543422786904,0.24948991431200918,0.7143379117301979,0.409565577621945,0.23683633773106463,0.7499589507936623,0.48678475714737857,0.27390436371302807,0.654500018070482,0.49180164534056936,0.29617901401996755,0.7398060041063084,0.6757622839737557,0.43381403315515116,1.105933422540396,1.6352441811692764,0.7305074614860774,2.5779585673007097,0.6603466382283011,0.37459416585593286,0.926661949951448,0.5514490734490406,0.360302030747218,0.8366084035135104
143,1.6596558592996251,0.9322623190385587,2.594111356056987,0.5051570876387628,0.2471003810449767,0.8069961435139661,0.5112417291302258,0.3492996231918913,0.768468638284437,0.4402775733953856,0.2522902192104845,0.7189451806912934,0.5074090935359257,0.28592062032210064,0.7423723966298268,0.5145596982249838,0.27939257413585755,0.7159743078019887,0.5433727561650639,0.3054498215516697,0.7798304581735989,0.5257405586130516,0.31277454721687376,1.0049229824105286,1.6381346413368512,0.8758016395461129,2.6066900027402675,0.5513581097894118,0.2884416650244556,0.8541232309772065,0.47044637821976143,0.21516118994126773,0.7145504384352462
144,1.5712881328732502,1.111135658036595,2.7125492545478167,0.45933709013764584,0.2691564135862676,0.785864078115597,0.5410430136977169,0.3305355796032129,0.9076514348182565,0.4069107451559779,0.27738093930530777,0.7504168066169663,0.5131788738096337,0.23665130554514766,0.7958216583630071,0.38990613870908986,0.23790256659572445,0.7190845632399463,0.45370772211144916,0.29537419775770823,0.7391173260500628,0.5728390512994151,0.3481528817266725,1.1079701098942287,1.4113419336479738,0.6985601321884598,2.4109275757972712,0.5430455989232315,0.37615789465553195,0.7976368605044304,0.47887894049772844,0.33887441914398186,0.8065183106787303
145,1.4896147713453565,0.7647759510333436,2.4190434754527916,0.47966743113099586,0.23577582365734764,0.7626717922666029,0.5767012345566532,0.2719990316149233,0.761828372418333,0.43824505857822266,0.26963281254079263,0.6578000244746792,0.3901040181486143,0.19451701023723142,0.6632402249889834,0.48328017592640005,0.3018194167569846,0.6564677802581395,0.4674106473674885,0.3094175558162801,0.7518586728423348,0.6713119658283782,0.38135450763512435,1.244175017015497,1.289847158626109,0.8972693838157889,2.343651518924928,0.518552319734261,0.2980049939202735,0.8164020528407894,0.48794177627649216,0.29157478184246494,0.8476109901363988
146,1.5005339271284615,0.8961938533854282,2.585367007456784,0.45121439065375046,0.3025786290912446,0.6755662892711035,0.5149001500054329,0.2923253950549917,0.7939508222460032,0.3657525846916284,0.20587555855931136,0.6274319534399727,0.43184807557656046,0.22984429109400328,0.5929445962889555,0.4009352986716467,0.21470763996362105,0.6568468399800607,0.5040157752887474,0.3214609929817958,0.7599939641273505,0.6541601010906501,0.3897154431942799,0.9779560256918738,1.259181590308456,0.5146518415764401,2.078991487374503,0.4849484529779371,0.3205727370184971,0.8280270815844533,0.43531614323641454,0.21350086366520654,0.7319561753769999
147,1.393488539167456,0.8059441881599662,2.341852597687015,0.46091535977483455,0.24674149879064194,0.7360062961252242,0.5817608912383263,0.33293080072249526,0.8545625043984864,0.39002745785768766,0.23858278505916494,0.6158402404913077,0.4029543276971663,0.24151050177858907,0.6671946948348354,0.4148851487151848,0.24326073387684766,0.6368158785499558,0.4112752670226744,0.2628835155284727,0.7181299063808871,0.6184287853018688,0.3754130654273435,1.119513138545737,1.290207762439513,0.7499674716574553,2.109836534262848,0.5040502427088722,0.26755759926159156,0.7980736360710434,0.38426470635985704,0.24696223977312887,0.6041913840615738
148,1.5455927692533287,0.867006223576064,2.3770693347295095,0.37732734168706084,0.1835046124034308,0.5829493054681694,0.5494529993928231,0.27616269659641324,0.8098407262306133,0.48246990299973447,0.3184819083667252,0.6698059357404921,0.4289493106122584,0.26337569684644385,0.674944460018337,0.46581808408271064,0.2710776856252575,0.6793875470943657,0.5483886771821463,0.2567658823402158,0.6390933746518019,0.5587291569395645,0.3152201507865878,0.9588472541363193,1.2623002716825265,0.48815212054389223,2.338043832026968,0.44028409596050283,0.274127493037206,0.761906787670094,0.44092062177833974,0.27451870853653565,0.6534180891711208
149,1.6208630115337663,0.9205734574935849,2.4113309756596815,0.511875484197557,0.2665541407622513,0.7028647505943274,0.5379981358428924,0.2988767749170333,0.7920488130973338,0.3828931859426923,0.2168899524907459,0.7037433676948979,0.4243642508915266,0.2680286417634447,0.7353623229130469,0.37704211186316855,0.2347577219959617,0.6954838387637872,0.41881966319390956,0.2594119758373938,0.7318316421972629,0.6186071509101523,0.3706717479942438,0.9601090614089877,1.347989225549187,0.9215945446453736,2.100543720746037,0.48736901031798774,0.29227485724428753,0.8331510090006709,0.40692146626100867,0.24941787150728878,0.7583015936584326
150,1.4143083014704456,0.8647517507918415,2.470569745363487,0.3992670953003823,0.19952679328200854,0.6370250313978778,0.5673927453476217,0.32732393316867775,0.8857017815718001,0.5612906307356791,0.2936147835022976,0.7825753250027695,0.4722783310273924,0.2738811574039907,0.6657031247561745,0.48211000057666326,0.30351894252429185,0.7275678275643659,0.5006118559493876,0.33412931049453914,0.768102236920554,0.5619056061287473,0.3738281354132537,0.9435603291834906,1.426079073789488,0.8802464696984139,2.1900496383975128,0.45086653522797215,0.26630976260037426,0.6298659524637598,0.41337999035091566,0.30119671063629666,0.7257182995169953
151,1.3617001044930594,0.7998264303596073,2.3149788885435725,0.388945956568556,0.21965392164737274,0.6934778055240697,0.4743089145136011,0.25023043557694896,0.9159268121990889,0.3757916802558128,0.26227829486174264,0.5842143908602002,0.3646132042042742,0.24149802776515575,0.5791868651256532,0.3939773689137725,0.2863825283186802,0.5803409662562728,0.35852867056664994,0.2145096096852037,0.6595911648624064,0.6489354337712335,0.3899787299601303,1.1811433954405097,1.495244980379263,0.7190132943108557,2.115153729782304,0.4319588434983431,0.29083262223329226,0.701246509034722,0.3970922089884047,0.2168569276521424,0.6623266894959713
152,1.4899250684985474,0.8564438938988992,2.2852695386344917,0.3718873473280811,0.2272296334861081,0.5380892246910015,0.5390886045237983,0.3446859229105679,0.82469208329036,0.4312348447861979,0.32893578994570405,0.6426534439484112,0.44622179317610633,0.23051720321247593,0.7313668272035029,0.44497777059528254,0.32628788073205506,0.662950895302158,0.45438476848135845,0.2397753995639612,0.6578746554172274,0.6615831054778791,0.4011757748616026,0.9101214942543474,1.326836410729884,0.7195746480226374,2.1623217418545195,0.49745538466391503,0.3290110246943803,0.7746875822028825,0.4628493826493505,0.28141528218378076,0.6745271406519109
153,1.592675880351814,0.7654669088540774,2.319387127815119,0.3111248080600356,0.19030295758296514,0.6236635448875295,0.6248941439753466,0.3422660679324731,0.9401998989065593,0.41138936269858056,0.23665397645969122,0.6441270329249945,0.39849039551151755,0.2567263194907528,0.6875480956633486,0.4185188142662074,0.21782705475369143,0.654442609168282,0.43403773222795916,0.21403966113057685,0.8068476941979897,0.6054394034875819,0.3038417955150478,0.9322488191225442,1.3992497007622497,0.7245715111080528,2.0801276331839564,0.48731226120122584,0.252628543182101,0.7258920228949589,0.40483142011261064,0.22298235015187545,0.6915140573195526
154,1.39244979448431,0.8942776068758062,2.4681130729562057,0.37268034479139434,0.19506900697263604,0.599486526388587,0.47728828524359923,0.26876127320340504,0.7402437728030955,0.4278361164134833,0.2056033882287394,0.7308541156942201,0.43542176854846004,0.21940410978443078,0.73803048075485,0.39057874268948334,0.22416899024669534,0.677229584556878,0.4561505756508646,0.2797940019034697,0.7340182483427703,0.684712527523474,0.3515521463073548,0.9839602100285855,1.358743916788947,0.7658368043284732,1.8991182541687601,0.5498905631071545,0.2894344406979468,0.8347578591836988,0.40430830659240113,0.24268960523075322,0.6338619823315073
155,1.5507744475442538,0.9080693068873992,2.374121715550047,0.40416968295542377,0.19498999998268132,0.638943049918318,0.576520425139794,0.28346663839534963,0.8840748631184222,0.3775828841491553,0.2030407087168428,0.6023724738962088,0.37974414535520723,0.20232180282687554,0.6415179742753085,0.3764807476670041,0.21250428962003146,0.6001311628265877,0.41084078941811086,0.22845578564064922,0.6454278110696019,0.6814427675203926,0.3862917245967904,1.105998417662067,1.4233792299861583,0.7568750814592201,2.1498855626341187,0.47424286639697005,0.2851193146898434,0.765819174039074,0.3972999422816358,0.21597693326297118,0.6306839196254973
156,1.4653441296324565,0.7690697959509163,2.373242294541239,0.38138589929531647,0.23406076154133096,0.6564550899548807,0.45143440870522666,0.22305902294381968,0.6702985187303174,0.37964911122613176,0.20316914846359124,0.6203870784805352,0.36973195842073414,0.21271393003091585,0.6138012161910176,0.3762453208681147,0.16496370423410667,0.5926391229221646,0.40063202447214197,0.24945003691647416,0.6319148026591369,0.48000559327218406,0.28949373734101713,0.7978895063435893,1.6643736394821063,0.9431088631727333,2.42324059504325,0.4612322304088371,0.2765567596031091,0.7057353189866243,0.3790321816669563,0.21514816076283777,0.575015336459879
157,1.6842183221262537,0.9079618209308254,2.7985207829995455,0.4281574325935819,0.2167245175699507,0.6445176748602366,0.478690504391851,0.2397356953265429,0.7694635051827661,0.4107295366320588,0.2262912459839607,0.7357182754941811,0.35113541808552684,0.24430923305841684,0.7304649708175114,0.4164886239284098,0.22036678389751235,0.7340278236271812,0.3677574636317571,0.23046754893184346,0.7287497249991404,0.5540862530777751,0.2696899439520221,0.9971279126235371,1.5137741683826147,0.79684853890264,2.519628368970058,0.4774074725240367,0.2803256719994476,0.7213760719287529,0.4394445603039769,0.22646713850354586,0.6395282388263797
158,1.6779708753701634,1.0020700967063043,2.6309930699165327,0.3447070092766005,0.17875336195269012,0.741217522045756,0.4715707886459838,0.24874231882291148,0.8895050262747266,0.49603364803409156,0.2264062681366083,0.7067293052776761,0.5138268726307034,0.25004190465943443,0.7264122263936968,0.5379769777406297,0.28716775825105467,0.7457289194468695,0.47452748590798555,0.19508950443098336,0.6868759939878646,0.5352565144421775,0.3143773774287144,0.9766740060182528,1.55224730851111,0.9322173978126438,2.1060631701372943,0.37021394523002804,0.2212462036298608,0.7374080565330251,0.48343043924283796,0.2872554946328716,0.6987069738227631
159,1.7777788427053811,1.0040190634275672,2.5671062025693616,0.48659861670845145,0.32410301532155206,0.7614353103683347,0.5876360290668595,0.23513545900643787,0.9480845893379637,0.4561670167093631,0.25804103808850376,0.6926942549152458,0.38764968056285337,0.2625838275632152,0.6845939032969199,0.4792019063299322,0.2831549782429264,0.7450967820210372,0.4944541197041705,0.2691641643365669,0.787824462616124,0.5806892455107626,0.30679289717816416,1.0459457591686014,1.4464901250008209,0.8574979747936362,2.2130473666679835,0.5004785439236813,0.26860572368128444,0.685322618721459,0.41839888500345707,0.28843405124932936,0.7244940971950558
160,1.3989439912612913,0.7491742881617237,2.3500746437237345,0.45845014703087467,0.25645802467847245,0.7387569554259763,0.513439457543079,0.3298158591248982,0.8840944760781644,0.40767772645813616,0.20227207110190434,0.686865907846758,0.48050820801172844,0.3123313170221599,0.732809502339744,0.44400853451897837,0.19927942262248935,0.6545825060817844,0.41165988662659025,0.19871499749640026,0.655891531740508,0.5322429858296707,0.24685226844689315,0.9615883464985439,1.4394253530730223,0.8407007697915772,2.342616475514752,0.4782397951051047,0.27543134140767606,0.7175162559481717,0.460143134295475,0.25236093883918004,0.7229977364288135
161,1.532673486738485,0.9271882225432576,2.254747871795448,0.5676515693099401,0.3260263200302299,0.818576708091336,0.5599814432536417,0.25627870319039264,0.8544058394207835,0.42278355848384086,0.29121279645074916,0.7131574488123311,0.46144848425886975,0.2465133637657964,0.6662245105931027,0.46300906965718547,0.2941657591707238,0.6641985489515712,0.5118142398259965,0.32665982204705685,0.6807996736994912,0.6279471175676947,0.39250756973207246,0.8655356940602219,1.4397846515689752,0.8362390556371996,2.175701245584825,0.5161194359942474,0.2599430511012505,0.7190160682723007,0.4640617232847767,0.3144588203537033,0.6676854140738344
162,1.6157981408364888,0.9478374080728942,2.5049912425553904,0.42376515902827705,0.21523254218945215,0.8424134502029187,0.45943373716629476,0.2110317067089169,0.7204974491915427,0.3580477534833961,0.25401284588024325,0.534162122287096,0.3665893426691646,0.18887217930060707,0.6124025120103544,0.37849460460409456,0.22955515368325521,0.5780734002116168,0.4208547493482174,0.19926163637891606,0.633477804436569,0.5352984419883721,0.3616436334981909,0.9120792918666434,1.5001080668997466,0.9920642286754902,2.5295761817389293,0.3654634292034036,0.20101797530731313,0.6253642215815763,0.35564092359363864,0.2140891734719961,0.6561101141694248
163,1.692613193987123,1.072290136774093,2.454550439128119,0.5073302747106319,0.24304921393751877,0.7280432711105571,0.4243325518745449,0.26908085319561553,0.7864652686274605,0.454324782294223,0.2253386879512846,0.6678304969943563,0.38268310700537334,0.1995338573604473,0.6275261571734562,0.4438545264278413,0.27995859333379763,0.6668517070555288,0.4873671502550523,0.23010615332076031,0.6970336426749741,0.6404594791639204,0.33844939097647236,0.9401381066100547,1.4209821327119103,0.8845553170554926,2.3763042123792393,0.45261772144168133,0.2567554299242669,0.6794592119974724,0.4514669061153046,0.26541753003135843,0.6949363547215405
164,1.6868040944573393,0.9673065777007662,2.6115814555875825,0.362691489484241,0.24759377378581648,0.6170239011131172,0.5421754689812788,0.2863613498749931,0.787858886822511,0.4069240072135546,0.21786359655586351,0.6387773353759908,0.39269983554795296,0.19608091006011905,0.585519214547676,0.3618475675276244,0.21974267531948954,0.6200819724799894,0.4393203517448563,0.2697670286973563,0.6640273934458517,0.5913096303670635,0.3378975345354266,0.9728665679123628,1.4532617910652086,0.8444967952001243,2.141366372294238,0.39366427349055966,0.2314691878287218,0.6483810054087592,0.3950660425623578,0.23650056829845742,0.6165915279179051
165,1.6706333175161658,0.980788985879024,2.6539213320201607,0.3774643310405803,0.22895858810060332,0.6673481483064363,0.5221855979056638,0.29071451659890574,1.0477700402948165,0.44255035056618236,0.24879593704619613,0.7293588345037654,0.3842064101150586,0.21491157259226504,0.7364802190503179,0.4564700708234002,0.26743220678756346,0.7676848789046703,0.5620943643169029,0.29671409837759594,0.7687655718585443,0.5232816616157723,0.37638412057913445,0.7836914392479168,1.2867276976175157,0.8098397706979107,2.3644216595695657,0.44486171078272146,0.27306217252536485,0.8203986135067168,0.4288472484724575,0.19303737422688136,0.7240075250105041
166,1.4553866243492835,0.7475407370584654,2.6060157357841596,0.38032751579694557,0.24394341910711906,0.6321996195427078,0.5756707413480453,0.3125156714073257,0.8164335651240252,0.3741838002726394,0.19772309651701486,0.596813057577153,0.41066625112963007,0.19711977090117766,0.6415897885481557,0.4227138093214866,0.22454617926021664,0.6809439801071316,0.3767386949246878,0.2023277960253892,0.678067753529209,0.5122624878513357,0.3164383141223021,0.9596017732000125,1.3797855108042614,0.8324259166924168,1.9665239150218543,0.49645813684710277,0.2790520829380371,0.7485856869316484,0.5105421604659135,0.30512696505326453,0.733230833569793
167,1.554948248634026,0.8571579184319513,2.5033851428116884,0.3401957820533904,0.21892272308683305,0.6159559796683509,0.4213196748927026,0.2381067048598034,0.9549006809545486,0.43922731258395853,0.224722224696998,0.7297028838356308,0.39184206065355254,0.2584075641691369,0.6985942354951742,0.4479901421054332,0.2300735116216608,0.742526217581182,0.3937731649725762,0.21461647120022934,0.7275829678680554,0.5303338461015213,0.37294334024433407,0.9220305022862217,1.4170430786400048,0.8844190705235452,2.0208758530886057,0.4524399633943026,0.24984504923685605,0.6865722234646003,0.4221283430217986,0.20884900455179367,0.6863783481989626
168,1.3861640937131312,0.7174930281226294,2.164316323344452,0.32779189645330853,0.1630077615267851,0.6391898761934915,0.42931000162514044,0.22760830794626344,0.7095451441626045,0.3164647559321271,0.1633218008971289,0.5762373823540358,0.3270597433838711,0.176593007111565,0.5356363103591504,0.3049722481866059,0.18096229645726533,0.5873183714438879,0.40618009148027256,0.22592457159215235,0.699095129087219,0.6116303742276556,0.338936820763144,1.0238309864801107,1.252033783866951,0.6014028004518478,2.1242956907624846,0.39190464681376075,0.264105608343831,0.6107705688749387,0.3898663795401187,0.1853953526544303,0.637134022556535
169,1.2227985106522312,0.8056305467419802,2.2730046001193123,0.44058157379017304,0.1625484155505942,0.6614111344032249,0.6489161067515776,0.3721261942383722,1.0281558761619538,0.3513389378857238,0.18315799866785287,0.7008821693702781,0.3687662811712857,0.2425410078638589,0.6415359132478384,0.36598669046789156,0.20315717268627762,0.6575024905167169,0.3216947848109044,0.18982262014146026,0.7404669444891784,0.6031123376011709,0.36201458575084927,0.9775878543236188,1.1921581586336694,0.7022619738558762,2.0799234641487683,0.37878110254028596,0.22817616251362835,0.6161866126382411,0.362273326816948,0.24093370527582147,0.623201489540317
170,1.246852129588769,0.7068035919423677,2.3259352391117534,0.3614276852435163,0.18608361655014663,0.7143497465685783,0.5073444664737397,0.2338984550792019,0.928973345552801,0.3398935137653316,0.1833813219638967,0.6176270359302243,0.32842129158424804,0.172023333177652,0.5397327162790143,0.33095672753392763,0.14586464760979262,0.5592906933706111,0.35208912007524,0.18668442346028719,0.5894240253579052,0.5240131153405789,0.28649826993512717,0.8174848268137707,1.2952226918371328,0.662832806064753,1.9838152559983615,0.376534290229966,0.19487900765118782,0.5071836666470239,0.3501124125961419,0.194140339973014,0.6672774434024683
171,1.4648122473759564,0.7064137565297612,2.391281056448602,0.4356473965919132,0.256127725918663,0.6363684198520312,0.6079324004929696,0.3370085555180035,0.8860378991502941,0.432452979681039,0.2549921797369889,0.7416378393792586,0.4385291397288399,0.30316052314034786,0.7338090066033255,0.4901217834695922,0.2647983667782555,0.778446603637271,0.44349572156505734,0.22047974832530434,0.7327071549254643,0.6370183127364353,0.3377182679667432,1.0029645485881296,1.2916500685284222,0.672916023449665,2.0564538172890576,0.5061030925338078,0.3131267668845094,0.678936592341308,0.47239196814207696,0.2924121764268746,0.7843478139096285
172,1.5330727917006013,0.9994469685850115,2.4213857816489677,0.5084964190200201,0.2939363477645682,0.9092577001399107,0.45575021034247765,0.2579737651560558,0.8550278429304919,0.3853956506889127,0.17093417002764694,0.7064282668183836,0.39950452485601273,0.1411886846414453,0.6889326669297644,0.3223531447610397,0.20460492686511925,0.6682232816027898,0.36688589881474476,0.24209755860914367,0.7105823757520547,0.5481786283721868,0.21291396399991294,0.9484128407546811,1.290047215087263,0.8670644485659541,1.9214460167210536,0.43745342249507657,0.20038959671355733,0.599042467402347,0.437898547581198,0.24259298871433801,0.6243869744638928
173,1.6985949305792758,0.8883480279793532,2.3933443710884204,0.3981296314065171,0.2089974003944204,0.7261686401634622,0.459411935895,0.29565994154712844,0.692775572482661,0.40943138683793134,0.22155431250837623,0.6222491125172763,0.4296456422184793,0.2723134759662516,0.6845177225632243,0.4111262936602783,0.2713030724138913,0.6104424185615717,0.42273258612915754,0.21274940832426031,0.6468285989186959,0.5333973215940826,0.23923663543575363,0.8579218649700072,1.4007603130357875,0.6697665023461894,2.3401649724691893,0.4461349614632212,0.2859099469661782,0.6443370620930393,0.49358140890798685,0.25654981592215864,0.6592490488968124
174,1.6112019582982722,0.9777721166647153,2.4604030043629748,0.3917059852222371,0.2774403748701015,0.7069607982317545,0.482155774380693,0.3010760274553178,0.7147593463098624,0.42084194220375315,0.24585109770802557,0.6121921366922465,0.4801721335706306,0.26239087076264167,0.6154537390271855,0.43976552966175586,0.2555442364033753,0.5992738537440027,0.4348141684886005,0.21593815279590847,0.6499029299596452,0.5025233191698828,0.31708582859919776,0.8388860012499507,1.2167825935521313,0.7697771779547719,2.168467372133339,0.5257135517416451,0.3332057578643163,0.6827282193722959,0.49733113761365116,0.30685328153755415,0.7485820825697781
175,1.7359206304369021,1.0256215221481892,2.6745894590914445,0.48815877748343395,0.23367788171508075,0.9103880955485729,0.5366647123092012,0.3172340200347336,0.8585893463075099,0.4277119334143942,0.2361381967321997,0.7015455301425133,0.4613856180143334,0.1958181113229752,0.6460603735115943,0.42381174476356165,0.24144628118115768,0.7180895132808321,0.3772640267884887,0.26942225006369963,0.6969357986204067,0.5331707603244478,0.316119014203694,0.8449218882830496,1.422364326836306,0.737681989469874,2.543770711915308,0.4616927984551499,0.2378153740402724,0.6984370659508775,0.45348785928329105,0.28534510050622336,0.6450066594115587
176,1.6081886782134571,1.013705596121731,2.722067191090857,0.5682396454277983,0.24673400423124892,0.7670159927594948,0.5439818449848565,0.25475326274446514,0.8361234348580483,0.32189572445480796,0.20069625309274827,0.5502157237143196,0.4123677505356166,0.27620596183654456,0.6968749504747429,0.34016674339064884,0.19562296073888097,0.5176249719940289,0.37896602729326,0.2356049737474316,0.623945062493405,0.56925239995106,0.31008030083891636,0.957105976347181,1.332773456843842,0.719044825490509,2.3221116063349987,0.551846150786677,0.31569238784190795,0.7701931282788893,0.4012139847710279,0.2439395028590184,0.6040450671650842
177,1.6614492512734649,0.8806534473715858,2.8677174653226785,0.46126203865673676,0.26455660802844827,0.7841268997680925,0.6277725855230747,0.3540877212848677,0.8512479769218292,0.5390284696775013,0.2976218983641345,0.719424420186101,0.5213086303460737,0.3443108225535371,0.7966037826986027,0.4817887741474775,0.2927143308435148,0.6926776831885204,0.4284079160743517,0.2507850065070691,0.725572874327995,0.5793792793518628,0.3852159385773575,0.9324104858686106,1.6381678617065942,0.7032894907338588,2.280210269559404,0.5249990119973066,0.2488414155476986,0.7281077820520069,0.5182164101507012,0.27595595365561554,0.7543405741268104
178,1.7711469083437166,0.7925712535701939,2.9409322339780815,0.4433661395228151,0.2715700709990221,0.7023092541898542,0.4984859481348321,0.3511484305333143,0.7672486990650296,0.41815166663921,0.282294552969534,0.6801332704937033,0.3547651776382811,0.20171665201292732,0.6123204798622245,0.40251109646601996,0.23728192100401777,0.6632477036941318,0.3959406731825052,0.24751393705016805,0.5890859418177913,0.5034960889274243,0.2838509205709748,0.8695673621925802,1.3642576170094964,0.7423616672876735,2.319152047482716,0.4820312518760308,0.25493598246696625,0.7269157864132857,0.4461766519700517,0.1961044509905367,0.7042140552881277
179,1.7255461907971736,1.037137232591365,2.766731869139021,0.44177426374040374,0.2765251076306706,0.6440625105706664,0.4473207705630844,0.2312008267998605,0.7180585654246318,0.37164152818812185,0.23900908394971523,0.6010873173363297,0.389389182961959,0.23863156908353683,0.5724273501861243,0.3812961596433353,0.24104281525881902,0.6069934592894705,0.41036439385907586,0.23527851517998447,0.6230672644355281,0.5619176325946751,0.2720526829759692,0.8974563667949924,1.3582738650793875,0.692241339622498,2.1224760233252793,0.3615275070191374,0.20073196639823482,0.5423929955278636,0.39496562699644133,0.23759157469346284,0.6375541537794388
180,1.4362642919963888,0.8769779872180715,2.2457526498452682,0.44103800711345276,0.2424112313642092,0.6285203780746982,0.4674639300116228,0.2839125783152047,0.7923629868841351,0.3495416710060367,0.21985931664101227,0.6552622463781738,0.3851715552969614,0.21329583268856284,0.6682798184268629,0.41453070781886475,0.2069965642311198,0.6237857499143796,0.3872604871991638,0.21309009856578928,0.6256273951283599,0.5165785696286724,0.2952755352534634,0.9799408165607939,1.377172331142483,0.8223228062525612,1.9812957517580663,0.4646677333880309,0.2742288099573049,0.6342372206323089,0.44787647592397406,0.22595498759838217,0.6522370924923211
181,1.2529968761963617,0.7046238409175356,2.254508949613496,0.46489228201654376,0.2636739024946092,0.691630465101244,0.48334540922014546,0.24374621887312253,0.8198637565780391,0.3880260487631899,0.20209706170289313,0.5346301354170236,0.4740653028371392,0.19178917807822735,0.6598238849230628,0.4301205191955555,0.2186084825815146,0.6176805709469342,0.4393427100605654,0.24305003727221913,0.6434761426553172,0.5106547691525775,0.2831148979763247,0.9223105898768047,1.3441883548798124,0.8003159990305869,2.310372500091187,0.39806902678874795,0.2611209623768795,0.6253336881410808,0.33731178192016964,0.19425661339025566,0.6101842945530267
182,1.6794978140646752,0.8897995679559543,2.4392565754096713,0.4520698331425498,0.27808691996954665,0.6538297228999663,0.3407278696723792,0.16940199573420667,0.783952468178753,0.3847587340109293,0.2225895278197113,0.6119581961125087,0.3666670685736717,0.23529739590490842,0.5839861406950017,0.3498838745638021,0.19134067774632793,0.6168425069936462,0.4237746345691771,0.1919629486284752,0.6938960443226745,0.440987618635895,0.2532117191345214,0.7876374776438813,1.4019969459444248,0.8411083327401377,2.133492510748844,0.4440001731509566,0.22727202270534902,0.7446223718948908,0.3864525164198086,0.21638180791115974,0.6226618055482931
183,1.6082994430726756,0.986094135391173,2.1220413997077707,0.38618442908228157,0.19612280122468748,0.6175523650142904,0.5214317676022957,0.2685768115605243,0.8036231670004922,0.32995731085332086,0.20560033023027655,0.5928104220532785,0.38981023074643223,0.1808171436566496,0.6095351863497838,0.33061076554311264,0.19434762573993294,0.5564530319135259,0.4174012051106424,0.2363673607077842,0.6323220934473074,0.4463903659506412,0.2467595317588152,0.7658739329239695,1.150304875816695,0.581617498174358,1.8601114853119043,0.36549002784826945,0.22208025441342383,0.6085103384951506,0.39427544337727105,0.22731064477124593,0.5503451575107895
184,1.5561194200476747,0.8860119713225129,2.401535180768695,0.4307012955895559,0.19960487358156695,0.6437259226236022,0.5165311110097903,0.3119543810523862,0.8172534957501323,0.38144915397412665,0.225078661880893,0.6246888423677559,0.4254162830533086,0.2482080497903622,0.7235401627044087,0.39611109629587377,0.22206960639342407,0.5845766212135433,0.4122728775243032,0.18604728775123497,0.7128135490247697,0.47733804709731875,0.2439156978356092,0.8066076722913802,1.020864316847131,0.6327284284670218,1.8635102070354692,0.32937607897693943,0.1680410492765125,0.5549258212692201,0.36150526270542693,0.22082968865572958,0.6609205684255828
185,1.2693399624957649,0.8219294698474876,2.2231519575869063,0.3255001094209212,0.2112540193412057,0.5596336614758672,0.5578593697742104,0.26355189290661546,0.8999700401041926,0.38649981559872626,0.22265406865232562,0.5888323920323557,0.4881078582854353,0.30179791445440335,0.6809423616598921,0.38956487692550024,0.25972809039166017,0.5810771524798299,0.36073900762051025,0.229449147319351,0.5741557138410981,0.4291279005553703,0.23002640704801597,0.7303505006966038,1.3249076756590203,0.5855885006318661,1.9488977892143462,0.38292717662212716,0.2583107383485652,0.6239820785958098,0.40821117272992197,0.18051733015320967,0.5683053735871182
186,1.273113955078785,0.8347719805165404,2.080440698266969,0.3513886815925147,0.20405934431856643,0.5762273630476905,0.4581006576721327,0.2549648921546711,0.7154191188479229,0.41867752466252883,0.2520855080705321,0.6481784199631629,0.3475522174502299,0.1952746779717765,0.5803344868678462,0.40408032345809064,0.18937258464628576,0.6166880391573338,0.4390266588679088,0.25709640487361696,0.6339373214909245,0.5298010724981815,0.2930816719265073,0.739903559472312,1.0889098483559794,0.5063836478138546,2.0116775885526494,0.4559960726613509,0.24593368646517638,0.7453913590161941,0.48539764252439244,0.25927806889609084,0.6764183042138056
187,1.3764375707061953,0.6445410222760976,2.153779887057031,0.2972750824215987,0.1418532143859926,0.6156762741006981,0.37376740101691325,0.1619344333508388,0.7665908576466537,0.34874283274194484,0.20934550770147994,0.5222558710778428,0.36614500998395183,0.2320048042975028,0.631437236357659,0.3763694892984196,0.2072848461139825,0.5754058741841221,0.3229810411511264,0.21125747018638732,0.6223136724534054,0.4371191410834634,0.2526333529729837,0.6830078194054068,1.0273236701097193,0.6081793566420429,1.6412596793857257,0.3885134519701239,0.2315748976296121,0.7028881625355607,0.41497980438897475,0.27681569395600597,0.610732013196246
188,1.2503857458524634,0.6358798270400712,1.9436225925076924,0.40898013636515623,0.22379344368381823,0.6691001123717167,0.48218940204442223,0.24477613004362572,0.88948220359646,0.3649207562011403,0.1755172846923497,0.6223161017810946,0.44124995825647595,0.1780787324858723,0.6987517480830757,0.40140164224726915,0.14968010568421664,0.6825063633691525,0.40592009161299814,0.2374215934107314,0.6631376125050248,0.44324523555409967,0.22426589699622054,0.7674881325891054,1.1399003631255105,0.5394909310594175,1.9689443497073966,0.48937630802456034,0.24236587843732912,0.7470897057878212,0.36441696152133873,0.21991867305716947,0.6484872276789343
189,1.3931845239266951,0.8983848181781136,2.388231817197768,0.36447256026967273,0.22055914260598344,0.6872316581951371,0.4506106774435119,0.20020283664781727,0.8349382983443868,0.33835561457851815,0.16446926095097128,0.5841912561760804,0.2918867172123685,0.15037459848047274,0.5556858538925922,0.3528846041054925,0.18373699232848192,0.5843104977065,0.3925548023714997,0.24695783990534254,0.5456039794667953,0.47902831582810923,0.21393037447393304,0.8169154023567292,1.3696698188262513,0.6546744502103893,1.9339182177867744,0.3914166890503281,0.22325255802667215,0.5802648408252805,0.3241215987465391,0.20173909807694126,0.6741726719456967
190,1.7559107420124382,0.7116690078335517,2.4703005624612904,0.3537960081955003,0.22636554481511764,0.5835199911297279,0.5522324736983724,0.370538155791895,0.901073303911344,0.48559018019497524,0.2331161442050293,0.7259340579479094,0.4015634639001662,0.22234757443096081,0.6690798722971548,0.4639739866914993,0.24929747423291823,0.7268318416567319,0.47265545274539894,0.27007427135766443,0.7085784036825741,0.4496322015758641,0.26682370971173147,0.76101853565953,1.3375037145446869,0.6807768315277107,2.33054292525691,0.5522263586858811,0.31573771164383835,0.7068265544718848,0.38252481229899093,0.251417097694553,0.5184781314807424
191,1.432985241648756,0.8798458144573627,2.7351532038518873,0.42847016066541865,0.28153117282806805,0.7631921864275416,0.551549410999018,0.2996163046599833,0.9861055272271387,0.4505838940806768,0.29547887144010637,0.7517142363249533,0.45966247437773267,0.26903285874883087,0.7251395988818004,0.4953083852244218,0.30563336749137276,0.8056254372975838,0.511004720306135,0.3043354193633548,0.7061564265397527,0.6522343167943991,0.35720137463381807,0.9661017858719076,1.3582006367765125,0.7021994674289828,2.329301613612631,0.4193518995996117,0.23646463693462103,0.6769198397023709,0.434142028997767,0.23571510003109356,0.6321664651877691
192,1.6627301864982642,0.8326936925706258,2.463898047789618,0.4122857843865728,0.260187809218403,0.6650544014082996,0.44823693418922833,0.2498137553568177,0.7621473618988213,0.3938237952545076,0.22680237671847267,0.678515432355659,0.42592253721453055,0.1839844768655722,0.6784343741291793,0.38695945140645893,0.23549813106224804,0.7083408923329079,0.43853157913455887,0.21903137153308794,0.6535778869771369,0.4885091661136371,0.22992997894469877,0.8446639997976947,1.2934601674183457,0.789872034586057,2.1597637703236985,0.31993627129142244,0.18451705269821123,0.6584553288250268,0.41072562642525273,0.2756887836664197,0.577933769650241
193,1.5930646214577258,1.1559072754172108,2.536947901246123,0.4154266867843878,0.22963108760764064,0.6680894835776918,0.47863705029991643,0.2606368464822928,0.754517454972573,0.3069572759413448,0.17769980069041894,0.5249976596839726,0.33920451256212014,0.13141386029075475,0.5556996540733615,0.38164433678130855,0.21239054270957639,0.5447907766459849,0.35675641701753513,0.19482396603383748,0.7096509556372681,0.5496672481880729,0.34177320543884615,1.064625266939211,1.2812575478984107,0.7875275771520908,2.1949579692794403,0.4288242970002914,0.26093548987010434,0.6507682604047023,0.370313887968454,0.19337335316685011,0.6182508135375937
194,1.5342982307680593,0.9803422370452057,2.4482297586282256,0.47176859429340123,0.27795199179669333,0.7843902800080486,0.48870704850659197,0.26681413336628956,0.7784799029200062,0.3543949967260094,0.17806780443803305,0.6447664380111622,0.34809532583383646,0.19882689911273901,0.716130317021734,0.29318151248185287,0.17167447502812927,0.6246834654321753,0.35258725335168667,0.19230626530159195,0.542724468268346,0.588657389416877,0.40071326546541847,1.0626832449581194,1.197015855214473,0.7012883989848814,1.97707761939896,0.42873355451036604,0.2298260776546078,0.7199448790384448,0.4398414811574346,0.24499825451540838,0.6932670252188349
195,1.4350819568281625,0.9748656879292508,2.3603119362006075,0.418979403246872,0.22447507649921628,0.7270896293519005,0.4373841732721061,0.24749806036855485,0.8381621366655907,0.40969485618573653,0.24669811290341637,0.6966567741792791,0.4402738997713446,0.2250466277572634,0.6239007814211168,0.42653530030411413,0.21036024094367664,0.6290159887641711,0.4330676521506628,0.24344298830904912,0.643175397592865,0.6179983182927358,0.25559447844514105,0.8227715842795473,1.2360899535532224,0.6558279135193675,2.0328774789904505,0.4130821618991596,0.2397445761054347,0.6325453695153479,0.38092740914612566,0.2181945286933634,0.6570948107034238
196,1.3967963792101696,0.9247781619603408,2.0487680938287154,0.4506413358899076,0.21911553883011806,0.6768540098727925,0.5668500995612595,0.30201715712500427,0.9373183099385686,0.3978138799221222,0.21092552761069064,0.6314652319284313,0.32818156394914927,0.21342372495731343,0.5850783287467652,0.35267644952135485,0.2090448563313678,0.6205880323377979,0.4079916413689609,0.27869537451373905,0.5600233359050641,0.46287541588007086,0.29213136051035227,0.8074054741461084,1.0556518885232524,0.6217966798417065,1.9927681995428652,0.5203312006637563,0.25138379016513507,0.7395673437874133,0.4699236089805512,0.22101041168811086,0.6503892020035217
197,1.2963914240871195,0.6216137714469117,2.172375334047642,0.3835192132986853,0.2128385045846719,0.6715160396707957,0.4260190861986706,0.20514349540884225,0.7474570461687525,0.2987762770653431,0.17897155479600835,0.5442030564129882,0.30828736626925823,0.14873898982217362,0.520313103951314,0.2939453302327734,0.17431162834849384,0.47987191994725553,0.35911688099673544,0.17491713666241046,0.6307569025839536,0.4251230838507133,0.23947675002814822,0.800465905963701,1.0934396566438118,0.6547901719629199,1.7405190781260167,0.40095979388154424,0.2436526751841654,0.6712442656119503,0.32450117990117766,0.16767770089609532,0.6130878648237637
198,1.3161009440937907,0.7076874186309113,2.0911460685892935,0.44744809934844015,0.26131394185785245,0.7501777541485709,0.4966404012596639,0.2566171168350918,0.7377953372260629,0.41674699517270847,0.18377340919338792,0.6546832288116791,0.40544160218522635,0.23340201874481822,0.608586838576782,0.3992180267187714,0.22620254175873208,0.6271853900984116,0.34718622043966874,0.17990634277349843,0.6137834667416648,0.43754119104140177,0.23728213191870212,0.6540014922339898,1.009752643021535,0.5431241718174508,2.0031129445791964,0.47562876904100904,0.2666535841685009,0.7070021665466282,0.40904566462190606,0.23749165337877198,0.688746016933758
199,1.2076996021135717,0.6496045568281028,2.1609000559418408,0.4193482655885442,0.24645648754453314,0.6122854111930255,0.5627619292278596,0.3016354143708119,0.892638085602025,0.4466544173043274,0.23914766513685887,0.623643056249688,0.3812929146435883,0.2277616912205292,0.6727134075028605,0.463251286291653,0.2537801243841325,0.6422130150995002,0.4755923206689277,0.320691479947472,0.7360195202392821,0.5036817790808104,0.2721831734377676,0.8460439566944832,1.2656275256578084,0.7315919741282407,1.8428917896722126,0.4819825122046171,0.2728160263815564,0.6556554462833702,0.42117436793371155,0.2109979021660747,0.5850401775382259
200,1.25701154252886,0.935490390767337,2.1446509014425463,0.45607786458745075,0.22122827393357516,0.7497494622594688,0.4113098490385326,0.22896936023833242,0.778241289944009,0.3900689976659969,0.24544779128139277,0.5878410604477199,0.42869884734082253,0.23062136375849007,0.5855441616605233,0.46310324934688346,0.2558392607069423,0.6262283625422741,0.40161025911167303,0.19946602666237556,0.6331252129031214,0.5537689566965651,0.2564696223735576,0.8510626727806685,1.2317765194710595,0.7179860911457453,2.06426741962136,0.367932053996821,0.24482824541602757,0.6121641345711905,0.395423112476303,0.220382818946313,0.5661304530307917
201,1.6662892924422306,0.9494487391076185,2.623649644382925,0.353545741678468,0.24252934575726603,0.6579600683475014,0.48106240296825054,0.33639818260494686,0.8607243749348303,0.4483559945950677,0.27059582167845114,0.6302751908006671,0.41355192726306456,0.21862280104164464,0.5730257801008116,0.430735641510921,0.2786701046200862,0.6253057435676044,0.45362827979284925,0.3153124268408569,0.7577426124873494,0.5738709197390585,0.2893326290102918,0.9348936418530991,1.3109729697027466,0.6191743793728011,2.0973533500556165,0.4059206971144188,0.20844724811885687,0.6324813445192579,0.3696647994042894,0.24211672613849122,0.5661796604772286
202,1.6135449736998362,0.8829303648478073,2.1795749006311307,0.37147764882017587,0.28149826869889083,0.6299241571167391,0.5049642573316533,0.2653845723063916,0.7270426682901457,0.4144250917398966,0.281322914217641,0.6461856256991537,0.4832518447472083,0.23178996528652462,0.6472612591538085,0.39783298194751254,0.25034768527925194,0.5700426694894482,0.43683467260377773,0.26866969398640017,0.6699521285166758,0.5529900141792374,0.2922010046802503,0.8165878710216684,1.3259834200381004,0.8343069288753624,1.926779618063851,0.4786995688531129,0.3033596639858888,0.6790315551142275,0.41335553125659696,0.2842628280770106,0.6345907104089585
203,1.5456430881045773,0.9102250239803643,1.947491676007779,0.3762096941663555,0.21903560187371351,0.6205948625570584,0.5213499479829611,0.2854374211156888,0.7258158817497162,0.4478886098489949,0.2740204740366452,0.6355975790168814,0.5320381943225523,0.27685350174573603,0.7470327774021225,0.4721646827268424,0.2600225355561861,0.6807490656411612,0.3617767808642247,0.19770825034472883,0.6723791317943992,0.4404358684565036,0.31780832083431987,0.8632749718575791,1.2822737721813886,0.6700951553768717,2.1981554560242795,0.5568938597163346,0.37185892933921744,0.7574712586011643,0.48339173609602315,0.3334033994101143,0.6572834906347305
204,1.5046772940888822,0.7766232772439154,2.333366991089379,0.3849901668589864,0.21856125690239273,0.6683026751868408,0.4608549699312122,0.2646180218815539,0.7573325003678185,0.363387533154483,0.1919184867596328,0.5610516139186168,0.3676030524119876,0.18488629747456747,0.5724450178167492,0.3562691978781173,0.20690951464141852,0.594268977071906,0.43265694808389366,0.23489990089005594,0.6071256951379279,0.5505066314818681,0.32747227434047477,0.8107121998161297,1.217838996534986,0.5899494112980281,2.4038812063471062,0.3656076659850783,0.2250830318954967,0.6118881502586732,0.3812629295091259,0.1803833377736075,0.5729072870849894
205,1.4526115922963705,0.7764853335914115,2.3376480992329682,0.4240997735743736,0.29367645549721394,0.6981176467332398,0.46345477780387667,0.24387651649448336,0.8358349566615566,0.3531261434729261,0.23257922347473314,0.592416272055512,0.43710659293823584,0.19897593576382522,0.6152348555307692,0.38853597026077313,0.1940131707528323,0.5556357813381293,0.3719440470181786,0.20988398852043202,0.7369126153080031,0.5014502826658493,0.284173680759219,0.7806421452976218,1.0510174914182926,0.7341736503052274,2.116613764704273,0.46350995641710824,0.23540067503278847,0.7204305628659011,0.4090028717324462,0.2534098491256803,0.7441989617209993
206,1.3272035128007769,0.8343670561111767,2.1260798640586946,0.5069782207365531,0.2547290471174974,0.7271272097247725,0.4312688101441453,0.2765238909058163,0.6595492472590005,0.4164960475418041,0.24512686690165858,0.5525107416523305,0.4283884583899479,0.3399227617256726,0.6433218795532992,0.4194681778106891,0.22431895522076306,0.5729553783382368,0.4759395950801715,0.2908444880701325,0.6522004468045047,0.5995884318908349,0.332065574853145,0.8974907140444898,1.2276623867883973,0.6906444747448868,2.1142541415131832,0.4604713806559133,0.28252071964737846,0.6827517862802722,0.3970793587985736,0.1959714579041068,0.6125606753088229
207,1.4124491142190612,0.8159508357830905,2.138911463825228,0.37785507787755845,0.2431715019481224,0.6029792341168392,0.38771054257776544,0.21563588265754172,0.6677620044972763,0.35504159092452836,0.16178309267491278,0.551776424571245,0.42678172687407934,0.24614617906296066,0.6494135276278484,0.3327917776164395,0.2041799352945779,0.5198224419578507,0.3588697459756889,0.23497932423598777,0.5664368687056909,0.46587979541669544,0.23792779751999973,0.6030515421936652,1.2459588414753895,0.5856075080666342,2.193897816077556,0.36983595909038014,0.17275456451781326,0.5980734206164011,0.41365506171798005,0.224954496971452,0.5671951549368645
208,1.3336548279453178,0.7459094299451416,2.2441535714560743,0.45777081486263893,0.23847083526899054,0.6384278899166794,0.5302262419795302,0.2809038318432495,0.7911514416634,0.3374592004789163,0.19483783234862986,0.6101803630546436,0.34641258305960315,0.2679982996526193,0.5203581244614998,0.31322963587462493,0.20266526157938267,0.5522811341728271,0.32773096777518207,0.19769325236694701,0.5733466303608843,0.5763256863996915,0.2944744308066489,0.8572885164856772,1.219509097954767,0.6903056879270754,1.9778775343846613,0.3090714643994955,0.24486018354694322,0.6007511934797735,0.36133417695007575,0.1817373719014159,0.5812533796777217
209,1.3762005431417073,0.7738987032805837,2.1289422538761866,0.4387226120118025,0.2632776007488999,0.6743740410387141,0.47415593638214526,0.24337516926840932,0.6480792775218135,0.36716067266885294,0.24691088671657846,0.5122111009237796,0.3464044703670137,0.21183715687209936,0.4944032224900514,0.32610289160035755,0.2160296953592242,0.5213122111588288,0.34993062246510365,0.1998262839875392,0.5611527111911251,0.3935345273161852,0.1933584138484345,0.6637638119382446,1.188743741006316,0.618088296565882,2.0297493659255332,0.3679027098344877,0.22896608718916076,0.5547644398523612,0.4008907527966224,0.2508281058716309,0.5149971698712966
210,1.4320172914614786,0.919032755585029,2.0625496832976444,0.3881087278966049,0.22456453525681774,0.654124041072187,0.5079178756958442,0.26697106417718597,0.8122445727044684,0.3963798007291425,0.23694474799900028,0.5771517623668666,0.4701777049938346,0.29528252894646295,0.6985037912310268,0.4227204567718791,0.2963855287575144,0.6017675268147386,0.47673986566955795,0.2354858896901689,0.6602059662776971,0.5238295738536032,0.28433137883162973,0.8153359371559481,1.3849294550469216,0.6665084830842049,2.0435363034667873,0.45278631047691675,0.25304181302999185,0.7436763157457524,0.3773678864842522,0.2099932878303428,0.6517455918901708
211,1.6351265139299347,1.150862759663579,2.398532976968073,0.4574903264143598,0.22200723551227303,0.7186804303492913,0.5587628270142382,0.35696218721527284,0.8393801305829363,0.42097121447552155,0.2530770918990188,0.6465552342843682,0.3746010761647789,0.204667380904315,0.6361037214157786,0.4140700741478145,0.23147309921965675,0.5923168490791204,0.4673296224001261,0.2634937916620914,0.6290106289512861,0.5231927951686927,0.31216916128863337,0.7951012792402641,1.1711220906654687,0.6109373709457262,1.7586365598088092,0.44754077547705834,0.27329586105446596,0.6795447243641681,0.4141718596402567,0.22047295956270285,0.5866248964727931
212,1.5645957440959721,1.0711240119691263,2.304682047239376,0.3684664504153978,0.2404392334549447,0.56802260841031,0.5243570787332712,0.20484066639709847,0.781831325669311,0.457251812530585,0.1741183738596214,0.6500200369693283,0.4038727010738987,0.18129238871580516,0.6228739424676033,0.4746992326185524,0.19047493525565315,0.6681633538164956,0.4318452869686949,0.18814217078452963,0.6669703015789854,0.4018029055632176,0.24981909084114046,0.7015579826740684,1.2230403545588213,0.5073139388244141,1.7964121231723182,0.3694796633673024,0.22425463864827105,0.5838938050373336,0.48094426226167564,0.21564112759800363,0.6236592337457255
213,1.3945412299270656,0.8447143002330614,2.0292218260059354,0.38354216610329295,0.22117879565095144,0.6334228138179429,0.44315285583672204,0.2580694640217077,0.8758049472186422,0.4069046083057143,0.2716256299027662,0.598736349018796,0.4558058458156943,0.22065167568634364,0.6489895718918337,0.3826234850537604,0.25498573151303094,0.597942490688432,0.4535478355065373,0.32206888975115816,0.5989897731955894,0.5325229496992169,0.2745021071847267,0.8253160103920095,1.2036408133611554,0.6781257447097058,1.959846269050852,0.39924561608896847,0.27351112937311833,0.6274267708622334,0.3502646267850511,0.22542780061049497,0.4844916696661767
214,1.362487317039871,0.7523914329429616,2.2180956385908766,0.3685320661314171,0.22477243977766018,0.5544811013715196,0.47328336916111113,0.2265126591585964,0.8377934544120945,0.3814297652666351,0.22919667770484758,0.607598465341862,0.39392253500503527,0.21377382496256597,0.735028698718049,0.3744154104867511,0.2128836846997409,0.6458771494507931,0.393525441565199,0.253735111377327,0.6657299858073374,0.5023640446743272,0.2727945397610378,0.7960833189351649,1.0977957758916432,0.698364144542611,2.194896202598211,0.44663507273976666,0.25165622433470275,0.7823916962795653,0.4050427667348716,0.21810807026789378,0.6619318022230652
215,1.2349109578431114,0.8492098097927948,2.1315152303718037,0.33034056085106434,0.18175890424711408,0.6327876032701087,0.44943094896135294,0.277252720885192,0.7440726848152075,0.36719878745499784,0.2504885588477582,0.6047395511396413,0.5048371059899412,0.25840486331871304,0.6705796804718787,0.3951243057602635,0.23679427597778238,0.5414424547740365,0.3563213242056355,0.20702306139566132,0.5288103305934087,0.4168561663019266,0.25255246004390186,0.7010146251309997,1.273105164754466,0.6766469182675479,2.109660873647152,0.3770884133912218,0.23923029086294245,0.7908547480763235,0.4650318433579491,0.29571419632897,0.6460151426246389
216,1.2747720584351536,0.6311760009523374,1.9544359548604786,0.42669996938077914,0.2054848559645526,0.6405412103421181,0.5510247370870086,0.2931481364344036,0.8147696975025294,0.4004440784201201,0.2574176646783654,0.6358672375531434,0.38999519308167724,0.22105914722628534,0.7273986685178478,0.40544169063681385,0.2775508616120902,0.6302164118648004,0.4196104336552587,0.31047385914933345,0.6173184354838074,0.4721536767130393,0.25958523264590727,0.6973346247188581,1.1336060303386497,0.663817684593201,2.097549316929179,0.428756761961046,0.22397353384124122,0.6755083934545467,0.3711847401506663,0.24322898171731064,0.6170689612944147
217,1.199712751135361,0.7593765803285636,1.9603065798515933,0.3826057720525309,0.24701011925940689,0.5950757868214243,0.5388791003790983,0.2897307797281248,0.8853018023320525,0.4311594507543849,0.24009364963708055,0.6475672053839868,0.48831696195524915,0.2941432100609434,0.7184260181003362,0.4175565549780139,0.2534898153183923,0.6430241352110819,0.4377459933742401,0.2303795751863589,0.6069985050473252,0.5282017721140525,0.32665157666992084,0.8080536712771451,1.2282542679490502,0.6421366819804498,2.1197321874208543,0.4413314383267306,0.22817415644627378,0.6425963970136862,0.39000943907461416,0.24864687986106349,0.6614064547492947
218,1.5398278471290374,0.9980940046528102,2.163209596983733,0.42082062208206017,0.25440322787269076,0.6702458636158135,0.42648656898863757,0.23848110772660985,0.7040986915772972,0.31690149358790276,0.17746448972090972,0.5420685565449557,0.3424282762746016,0.1868634252105166,0.507398649203173,0.31885109963046554,0.19140852528666538,0.502144872780641,0.33367393920017663,0.18975907520313826,0.6138722878318209,0.500645570278278,0.30239683530415573,0.863906394495427,1.2761699846922403,0.8140457230168898,2.3390356431697317,0.38689397569562434,0.2556590183440496,0.5594872503682615,0.38409398881598866,0.22580750524391793,0.6248383178864354
219,1.6040505507971372,0.8892507014090871,2.5808109883419412,0.38205933471288644,0.18662565415801124,0.6861795782303745,0.4437346878955486,0.30287080262673327,0.8418802735039165,0.3917487352255229,0.22874193415155303,0.6383817965292372,0.3458603072216243,0.2141814935478078,0.6270043165052404,0.38319211545043363,0.21175778876574172,0.5648127069458195,0.3986620239060121,0.24612446442578292,0.6300374120937853,0.42557475361631125,0.25204809953286184,0.6563851326181492,1.387908241591118,0.8723522258321661,2.118408824752795,0.448092793753486,0.22179608774527088,0.6298021344632647,0.36971758917043607,0.18367134188067802,0.6060862703557733
220,1.792082295602187,0.9061539823855856,2.7029718336445923,0.40614635511313846,0.2368438200780383,0.6475849118892001,0.5004331559673543,0.3572234476546458,0.7823697290908459,0.49696965275442895,0.3266591615731016,0.6504753892788169,0.4991488893925239,0.2859676209942986,0.7167575830193768,0.43151488443596375,0.2810273158644941,0.6401976034030512,0.4360852102859466,0.2428588685565845,0.6198116929876994,0.508571080404322,0.30613073055143064,0.8181775234641204,1.461710185734911,0.7880777088163318,2.5411382037143495,0.48816456748730225,0.2895337485053572,0.7381380009168994,0.4187948063107482,0.2564910317135355,0.6996273699026422
221,1.6810537251086228,1.1689932898025859,2.692582392950821,0.37728270898357796,0.23259382444757565,0.6330178151335878,0.5661331793728254,0.328429758252223,0.816773817860849,0.4276187239071283,0.28189272281125616,0.6530186111876363,0.46039401776106703,0.27297314887323754,0.6732362561174989,0.49183411981500913,0.31728771921951754,0.7408049854528057,0.5056285451031226,0.2926783474962122,0.7571477173014686,0.5176724662625289,0.2679391365056887,0.7391498489178805,1.2773409650904233,0.7613408763914462,2.201490431889093,0.4879688895657264,0.3171866078202047,0.681166756372348,0.43987984940852703,0.3057904439488352,0.713344122468186
222,1.8205267525884117,1.0527124510445443,2.714498067440008,0.4046530104239381,0.2855786147717749,0.5830114422433985,0.516561436663405,0.30974592094862646,0.7729181486513202,0.4036368438187218,0.24825577139404054,0.6072655971304575,0.396483208154625,0.2557024921175418,0.5847333141908878,0.3924493740769375,0.21218464690510402,0.5948553376906949,0.43635075560867587,0.23391857358927723,0.6179029027431115,0.4846722486088877,0.20253966499332576,0.8487725123236984,1.516398352938169,0.7885361279871687,2.0903847978166405,0.4208627885887022,0.2752753583461312,0.6489553121737514,0.4195528424213417,0.23999663545290487,0.6541751306228213
223,1.6975283800374867,0.6763817917319503,2.538502757247285,0.37757958589234075,0.2025735845752483,0.5911464445435384,0.5448922064812578,0.2828218963256211,0.7419930061732596,0.4457909576194956,0.29503637485117956,0.7481851633885355,0.45802495164943213,0.26825959573554997,0.7892741132246551,0.5089887404533386,0.26746314532902016,0.763057018174298,0.5290985719204391,0.23858156093495445,0.7390005972873641,0.4947315350710264,0.3244369798085982,0.9303247065903224,1.2149918565175932,0.6665670347692613,2.0798196407207636,0.4330781741515555,0.26824410541041405,0.6465837240279937,0.4613168723950141,0.26334234992694616,0.7019463720581253
224,1.4862464228516055,0.6832068075086469,2.4540271822755564,0.54167500803246,0.2603929709235129,0.816309183106616,0.4694962714591388,0.27399678344583467,0.7031098390074306,0.39083704984016515,0.21806477027474044,0.6634142476102383,0.42551252311142757,0.27047205648602607,0.6564235046167115,0.4106331566526853,0.22753290459953102,0.6616893772801755,0.3756590410333115,0.23110918653015325,0.6019024944169633,0.39731742239431456,0.2074927008641765,0.6812986671926871,1.1503180644955235,0.8101964991699326,1.6461741238814438,0.47833940815195863,0.22902516650236063,0.7357777668961418,0.42792216111216463,0.1870706863331672,0.620024871321808
225,1.353980105520013,0.8603563113529501,2.1157614194608434,0.46698307521555377,0.2709070648044365,0.6430798002278235,0.47835333015707504,0.3037727623338718,0.7471920133779753,0.3825349382559621,0.2258879612142607,0.6208285472371086,0.4023409466092923,0.27959291023873967,0.6079763843815976,0.44306122093428724,0.2241385751781742,0.6608119334271392,0.40839190583147833,0.24759034967928698,0.6052808652828048,0.5491567145376987,0.24546148063224318,0.7597345528936329,1.1368750204967548,0.7546993103733931,1.6737970940929048,0.4034330334324805,0.1993695372126934,0.6743556798540185,0.38339687589328225,0.21022832956891363,0.6898484768254848
226,1.2861522866782953,0.72171169416514,2.119666425637697,0.42794274070796107,0.2672843812740832,0.6302761359386218,0.42006945241765026,0.24942262066944815,0.6542968097378696,0.40664240105802,0.20750995895395094,0.623113352407649,0.4488094063856148,0.21070127070447595,0.6465461524710103,0.3450011869591955,0.23377830184032017,0.647902831400218,0.4458287826696624,0.2776184259467363,0.6676489371777383,0.46373217224694574,0.2677984608056843,0.6929300226749558,1.0309852334465979,0.5814661658704364,1.6957960880951684,0.3468250110683402,0.19850265841843812,0.6192254136899344,0.4339121842530093,0.22685661064644505,0.6839961850389319
227,1.2238551777131363,0.7137417059539746,2.2768493142519004,0.35331764645341834,0.18413667901104278,0.6141155266780924,0.48950738738396377,0.3124527141436235,0.8141887033549275,0.32893440385119693,0.21054955655119528,0.5205159150227376,0.37417652658080275,0.2238216023457603,0.560969321554018,0.36293955182863213,0.17484390387558582,0.5439781664307186,0.426480982429837,0.23855732305955232,0.6365437926236792,0.4342901631905808,0.29733383139439945,0.8466549418295823,0.9135349858519151,0.4659147810942471,1.7189152124854132,0.39921424592258137,0.25284915162695504,0.6771853558894751,0.3983292727909147,0.2341600201022345,0.6102014922708429
228,1.211921324498208,0.716623624331173,2.2449718153996807,0.38598189196739474,0.19724132556342336,0.6457891438526674,0.511618031793882,0.3327491432846816,0.7871582516117562,0.39494193544933265,0.24772607278753572,0.6057165677557647,0.403058574937443,0.22775128511837747,0.5898066454978682,0.4153466894679755,0.24933873685919383,0.6408910389389179,0.47556231498348056,0.2984538185491564,0.709699677082368,0.5672382708532479,0.23629228012721304,0.886382681272247,0.9587811139178946,0.4987935637728182,1.6360347743316594,0.4448476185281952,0.24530854032030688,0.637801443985549,0.469217824532716,0.298372768980769,0.6751078244410597
229,1.3930713116314442,0.7749414651224608,2.533579723092309,0.35237827652303944,0.19887658910468578,0.5279236449105281,0.5115771149923805,0.2934960599968742,0.776427760996736,0.33209484907974174,0.20405513028070457,0.5942639194648065,0.35130758228052583,0.23483989943216382,0.6210608813862685,0.37014441700137724,0.17907614009037892,0.6581262536766954,0.40790763595030977,0.20739722839289013,0.6741431971884738,0.5120011897860813,0.29953669712822084,0.7861162064559467,1.2380510039683938,0.684774732334806,1.894273308642317,0.38491331408637786,0.2317533317551187,0.6853853935924591,0.3491458194292658,0.2093441339824828,0.585880869576168
230,1.5936822643903328,0.9368270996658699,2.580866609988671,0.39776776920482404,0.25197994831468234,0.610821405447239,0.5562493712652066,0.2774837435762111,0.8637785073272175,0.4532426246132062,0.2661622757529237,0.6199776895690187,0.4374839423857927,0.2675209682837242,0.639792101714973,0.4156689386184104,0.25735137669386726,0.6213280874501801,0.4377335228071586,0.26030976506400727,0.6542120090443405,0.515676477428153,0.25370731901954713,1.0230143917008288,1.224175635622642,0.5942753779058966,2.057827919004927,0.38212956201529025,0.23097574109723606,0.5593639465794552,0.36004942038360405,0.2106701310555302,0.6221200939966853
231,1.4933060060452208,0.8178267836691092,2.5261749239829805,0.39509756315373834,0.1977309272433495,0.6471004450067581,0.43121481267842277,0.25983958951952996,0.8215298692189078,0.3517019788984072,0.2051390178050531,0.5657080682735521,0.3521393546592517,0.20132162881806434,0.7055820572855931,0.3346716765292902,0.19350891415677082,0.5861733914868351,0.3682134517081492,0.20993889479399522,0.5882105627135269,0.432202186197522,0.24713507224102882,0.6566403890669988,1.2547055124239557,0.6550209371847924,2.081486313871087,0.32613251327081577,0.16916468185884287,0.546669109845543,0.3480353380821024,0.19349909802021337,0.5972998882762336
232,1.5079153783571229,0.822930888687526,2.4570629747778514,0.2840507744442229,0.15633357683077242,0.5478976256845153,0.6705825347284614,0.37838521611036824,0.8455534389122019,0.4427429705568574,0.21667595422609234,0.6293377586527477,0.4449667559724669,0.2640788005505855,0.6500614839347835,0.43501592330956096,0.23455341320444484,0.6197635471680074,0.43617889849733926,0.2337138275137709,0.6530566840798048,0.5546442121436517,0.320686202321292,0.7716583939926734,1.3421396552258318,0.7749851865560151,2.1568052533985074,0.4415156738903383,0.2649641206721922,0.602843630139179,0.39320670263907787,0.24775905343094234,0.6325075586378188
233,1.623531158474878,0.7702053247905111,2.5463151139670446,0.3241012193932217,0.17871960197236025,0.5288534112970076,0.523922172559395,0.29029843717539805,0.877882325688218,0.4236728207057723,0.21176921002087404,0.6105599246994512,0.4094538795909507,0.2498299664318688,0.666002198153218,0.4394548287991683,0.26017174489894407,0.6529219193258966,0.3689854553122236,0.209776898293714,0.7878490707720956,0.49664216157798113,0.26912179891335974,0.8725283329551754,1.4323948103624469,0.7053084945983383,2.1759159750698025,0.4042317407243613,0.2793665016963375,0.7047754213974746,0.39671065800955363,0.2485359977705737,0.6618864367632149
234,1.7985636822382602,1.117195612343578,2.426391318034379,0.4223346887704008,0.22632969517497728,0.7049548562588708,0.5455380992507807,0.3723196842765982,0.8288848520581589,0.39072143144619303,0.2505708091570054,0.6691405226544657,0.45733692440258866,0.22651647424813126,0.6932314650266228,0.4144165323779452,0.25178594990176983,0.681286023891844,0.43258895601932135,0.24806661123756693,0.7056778112966668,0.5293125036786126,0.2602480617700337,0.8041223312927119,1.4313766049994918,0.6842811293076934,2.3842929989088235,0.46787003248589887,0.27409468232077194,0.67078821226257,0.36402647270902744,0.17621084740468848,0.6591920087362473
235,1.7915976820261288,1.1218930626783636,2.739485045131295,0.3686052089594125,0.20878576182035993,0.5124254919551016,0.5721768146646222,0.3169040555926262,0.8198926416105865,0.42641303435403577,0.2425225093351523,0.6385946462673967,0.42136865048589356,0.25652186156704837,0.6944877171176401,0.43732865157247636,0.24252124710719297,0.662668872861669,0.44580179397402053,0.2860029288228754,0.6177666937803917,0.4368539030982589,0.29365240268303666,0.7550534012179627,1.3615850805372722,0.654352197430344,2.0204941933212064,0.46264030984312376,0.2237017864277027,0.7041195594423457,0.3928752185366114,0.21211944189154824,0.6468724405170339
236,1.4588194345690515,1.0508431101849296,2.1031919283638905,0.40678548709011336,0.22438342935083885,0.6327708739980645,0.5067219901896753,0.3323625519215489,0.6985444667076275,0.45325190208721633,0.30520763867169487,0.6617149213319526,0.4077242922415504,0.19016791849431547,0.5791294475736927,0.42886497552698755,0.2958544755148412,0.6335785080805123,0.48698615424242575,0.30649331569868743,0.630341007117514,0.5596024585588408,0.3378624486605286,0.830084569231737,1.1667439621798297,0.6656530150683713,2.0122716963611245,0.4186593414892622,0.27268625186739803,0.6532213563549917,0.4127803924914585,0.2016210544527019,0.6588301270689917
237,1.5743630092262149,0.8990735909390514,2.399214666259541,0.38466877264625404,0.22788973357183967,0.6247018242113989,0.5097319605856788,0.2488440926063425,0.8301065314545768,0.45624635197311614,0.22559596741108603,0.6649896917081667,0.4177347288588218,0.2540876188296864,0.6849436056790559,0.44749521650588375,0.27475350010921257,0.7057463089677006,0.4683630849158228,0.24313086709193948,0.7517039177109183,0.48338617059504196,0.25900964213472494,0.7560713257888767,1.35638931743528,0.6445999039689768,1.983265757988001,0.37926679968872123,0.22927301138431136,0.7842093780623326,0.4467957076004857,0.28147076176642793,0.6500221766833145
238,1.530768277323891,0.930863116284958,2.738870982123231,0.4533861209869644,0.18767587372030242,0.6740694475438443,0.4505229588665026,0.2205719912906478,0.6703007520006181,0.3803212980066518,0.24938115897453805,0.6167773484376697,0.4526496493960268,0.291969889107749,0.7212324865610832,0.4052955547754719,0.24963583599296993,0.6769750530945311,0.4252503649144518,0.25543780734893673,0.6429226282481602,0.4016200413380651,0.27400788436690404,0.7236547570672267,1.3789299011849065,0.6504980919132877,2.3899520058692962,0.3879405433466926,0.18001819673373817,0.5652249996094115,0.34190709409066034,0.20080705323249703,0.6335585120247155
239,1.5962610014789256,0.9197968667444384,2.4138377044236234,0.366248721386998,0.20738235554542508,0.5417060648550144,0.3960135999169899,0.236272245430592,0.7136082992934003,0.3215109510985462,0.18145047396018485,0.5246568191387903,0.34495939289419775,0.21817729914077147,0.5554538541882953,0.3072538034558945,0.20685618580424184,0.5235971412016067,0.30384078995621533,0.19513952571814297,0.5183709654733382,0.4309279049784728,0.2500222513701938,0.7673616832791783,1.2734842406369018,0.6681681371484002,2.074070158118526,0.390422298405785,0.18293356005539796,0.5535407600118439,0.32301791680150926,0.22341681536704808,0.5934853246608557
240,1.4694412648606032,1.0445126863340104,2.1655207637940057,0.40177437822337225,0.23867359891053874,0.5909619761781538,0.5215353986401638,0.2754468209284925,0.7644153084366532,0.35910468874725787,0.22800834780244175,0.5618871017706982,0.37071827952221603,0.1800517036825321,0.5514178020918559,0.4155509676209674,0.24525768162341036,0.5371925099510397,0.4728690167310875,0.262627655364284,0.6396589018873612,0.5001886726937819,0.28118882770204956,0.7615215846689594,1.2873819498619095,0.5584109500949601,2.1307136433470695,0.38480730385284756,0.24393688645847708,0.6044357121595918,0.4059169705930822,0.26415292032718973,0.5426915819649341
241,1.3755579374182347,0.7634553082045473,2.2971160353777447,0.381659141811546,0.17104075932198326,0.8099345779625128,0.4833601036195734,0.2205704584832791,0.7897362683495364,0.3087162399861296,0.20321608716016012,0.575330301263757,0.3422314702425948,0.2320953231072475,0.5904449085914655,0.3237508063696526,0.22752961999695356,0.5762574244360309,0.38701224191958566,0.21622636406700002,0.6267088688908047,0.42445785423301263,0.21505268404279826,0.6371814308230599,1.2754352417718842,0.6509625481063861,1.927669990025968,0.3229407966965843,0.17264105036876232,0.5944950873554447,0.34000796663364796,0.2500481784812778,0.5612896474294758
242,1.477903319785134,0.9072089044905953,2.5433877760583177,0.31585049329193815,0.18721901339541228,0.6287681835433406,0.4361361731962953,0.19380716903285147,0.6932615490984879,0.40143049299038414,0.2345446202067475,0.6046396740405678,0.3971619270796656,0.2368305105778534,0.6885944077393883,0.34246329726843927,0.207445680958914,0.6185341192714972,0.31850251957883413,0.1916856862484164,0.6022957145256329,0.4487137899118686,0.23908298922821664,0.6530505922245244,1.259026234403597,0.6862646091115668,2.133577054506187,0.4018832708182162,0.18588360673081822,0.6525035548009298,0.38207168190664154,0.22707558338225942,0.6598198438003263
243,1.8985874997943246,0.9706282918697035,2.8931645387972402,0.41792578674491754,0.24803516852680807,0.6967306873719585,0.4988174103296368,0.3530091463501339,0.827351770545055,0.364717307016865,0.21553460423091841,0.6272885020045252,0.3416740877180656,0.18756961852407378,0.6237120891573936,0.3842535540094595,0.19704638847521627,0.652113398899967,0.43736543411755957,0.18789431627524392,0.6665803476544937,0.5569182228242813,0.3377512599908846,0.8966624840062337,1.457384161418153,0.9102034213398974,2.1871240033108097,0.3876390158165268,0.22227490961016008,0.6128664401333591,0.3568813380146222,0.22228335738859162,0.600174158808271
244,1.8203619056350888,1.1948751386888963,2.5473881036596575,0.3646916424774893,0.21306128716908884,0.5025275282917357,0.506686118743347,0.26030927397340986,0.7271681930779877,0.4059023110036377,0.19840546751613694,0.5905507021684301,0.3682467450540374,0.23219804696684562,0.6023319664547959,0.40379541003619623,0.22434577163980568,0.6093180495291186,0.40279591300917883,0.19530096713857834,0.59978232838176,0.45666714282541165,0.23569762941019023,0.7666500252834698,1.3029655732850967,0.6884067830717494,2.1347993726526124,0.31623591866226775,0.18613384825889123,0.6846766628395884,0.46504732621883893,0.2647398018080376,0.6651361369171023
245,1.8222962540324252,0.9275532127760291,2.504805557703635,0.35431187882519216,0.18787021802179232,0.627895961227412,0.39888324363506444,0.2102087427121997,0.7104160631757078,0.3903616469080446,0.21301220803918505,0.5240907829567839,0.4097961726011417,0.23091524648094724,0.6329724960959318,0.3537470926766948,0.19412031835736848,0.6085829034006569,0.3385585164449062,0.1978347439472792,0.681772468088554,0.5307873373288977,0.2889044195234187,0.8227761390569528,1.0912877728369499,0.5698624764003388,2.244662392225426,0.351594118797679,0.19434416428581675,0.6395584011282479,0.34700944531462347,0.21090775177747267,0.5288061060595756
246,1.6757595063806507,1.1477304379781301,2.3487337995534987,0.3395866720147673,0.21408434227803422,0.592392636243824,0.5741112073944206,0.3257056041010009,0.8481704720611121,0.43945600597572965,0.2373341817650348,0.6379258068749722,0.4489852014643686,0.3037470059941579,0.7700354754421997,0.44196373346095097,0.2671352331291259,0.7243851174615219,0.4514104773768998,0.2486865241628985,0.6805827559750258,0.42903701748844303,0.23133022786394122,0.7240815938900973,1.200053912041459,0.7355111743197988,2.0222800681890325,0.3879651459340614,0.2577159566684743,0.5933002935275543,0.44684214512637965,0.2544382455934338,0.6541404605529234
247,1.4943667144303625,1.0281096955961575,2.213477714935631,0.30220173648068993,0.18833662149043318,0.5142879683508413,0.5179415312437654,0.2944285865099214,0.7558668261983857,0.41127896396075503,0.2383095970521857,0.6557132261308948,0.4894092868181711,0.24347750727088155,0.7701998551381295,0.4568972065119321,0.23732144156304708,0.6651678186774184,0.487975134772053,0.2388721972743689,0.7051933383838437,0.48346201599312055,0.21649557771240474,0.7648757360233084,1.3475362590541184,0.7412741206471236,1.9047814313763656,0.39585447727067113,0.23731992298696494,0.5673344618464594,0.38147105075514487,0.19902422136310155,0.7489949184154308
248,1.4881570282832763,0.9053142935006294,2.230892403567593,0.3686070933108252,0.193481138100431,0.5913095289054464,0.3883485343186117,0.20537556409613922,0.7261232057319099,0.38060714357083547,0.25487658343302855,0.5917793992836957,0.3613774188931107,0.20870657196585307,0.6028732989983507,0.3829483289885557,0.2095794000191625,0.5690365932750311,0.3560502593316953,0.21512471655760498,0.6100977118907775,0.4239551757240851,0.19491764499291153,0.6913877011185611,1.3548730275933933,0.713845140026613,1.9681036755607877,0.3626986777493228,0.2028662914768437,0.6462956481554999,0.4378888797222338,0.2239904671860773,0.6600157395479503
249,1.4905618257303823,0.9507500990868802,2.2891077582872956,0.5163097340744981,0.2904771134640508,0.6522642531763914,0.4071539503743697,0.23796131862724362,0.7290428520188994,0.5259670245276065,0.2910664094112179,0.7672317401627444,0.4640272962412446,0.2817031060829021,0.6589913193408276,0.44569302653564047,0.2859994928875034,0.7043272861235574,0.4249504568944193,0.26751226957063795,0.7324618251904416,0.4756006920893975,0.31146470721743874,0.8278700395400396,1.1628846734410412,0.6358964837144486,1.8806571941547363,0.5412697968510919,0.3448442886789596,0.7404409904322028,0.39556983407844987,0.2776802395148621,0.6552965752318873
250,1.355549714435707,0.9322247434078288,2.291931204505562,0.4515670539755076,0.26253271705084164,0.6891178483221945,0.39953797083320836,0.21717348058276972,0.6889580409915583,0.32326691832825216,0.19544848926340985,0.5444583702201786,0.43700292260022466,0.19694379727658168,0.67007053058919,0.3547983220762692,0.19455643037552575,0.5808168439710721,0.2805890179000987,0.123614065849518,0.5778633303103976,0.41848514480934584,0.24336257823879603,0.7377730457321346,1.268522576825258,0.7008252267087427,2.131494935434671,0.44577353591613594,0.23088140890562447,0.6943734547803158,0.3750785511493,0.18973361658596138,0.544542536950616
251,1.7927690376079513,0.9750643652302722,2.8112229798138224,0.4472284482244465,0.23393942986428473,0.6674662934687159,0.5349912561981947,0.21696916252287893,0.8987878166827749,0.37029520254894344,0.2066516161621477,0.5789138307042807,0.382032655017271,0.23188382531794285,0.6778323249346699,0.3735788458686843,0.20335029153385004,0.5482495494717637,0.41149623919663414,0.22124683820113028,0.6568411016723819,0.4421552067398766,0.23076051259018188,0.6973129364718192,1.3482837330745996,0.6251798852096707,2.1233208548112437,0.3532046674734568,0.24247640797928016,0.6025299938946954,0.3622375659327013,0.16629206749407094,0.620256257619047
252,1.6092024712930257,0.9925536484407517,2.455938377114439,0.4231225206783069,0.2362660949562519,0.7975438288381479,0.496117176206748,0.274325679572178,1.0059830189432442,0.42576991653252394,0.2380827708135527,0.8128486250625112,0.3655114338079999,0.23545534319377334,0.6356426093427185,0.4584992371341993,0.21611624997152168,0.7223963432669319,0.4576851823701183,0.24365830270973754,0.7680544132205384,0.4933815938320101,0.2804774942093707,0.8460787996431797,1.2926563183941258,0.7835552260661838,2.0757906896677083,0.40520022179741544,0.2023644178211299,0.6984233662216595,0.43298673883798333,0.2349529959388677,0.7534540326163197
253,1.4771386571418255,0.7839423965476853,2.6461982917533002,0.3507451725357822,0.21342275533745814,0.5915976154573622,0.4727965062345222,0.2770561900479501,0.7066324687936985,0.3548473634888656,0.2441900491407884,0.6114348101820366,0.391612355188103,0.2500879502629973,0.6203326377695074,0.4121101365813149,0.23611902056284068,0.6125023236639208,0.4704734411527939,0.2812711981639474,0.6797019888342345,0.5429783832127313,0.31313019948067083,0.7825423415008198,1.103501424498701,0.6583459438881123,2.0868252234496083,0.34386272267660445,0.15896723047911937,0.557558671658876,0.37783885173348364,0.21682319881295486,0.6092159938902076
254,1.5784575786177253,0.9240546014789093,2.6831487246986736,0.4059302049656649,0.22623469953113867,0.636396591636551,0.48749073389367803,0.2809100100842309,0.8145183161856046,0.43268910519673964,0.27165180907875924,0.69547493607083,0.43235658628296314,0.24774465704112875,0.7280076135838554,0.4234193412034841,0.23239816437820543,0.6795593308082021,0.5093700693705181,0.2675756067164109,0.7216283707276641,0.4529757394951098,0.2755418665773731,0.7779905308752701,1.4372176298794503,0.7591619354696558,1.9926241987308897,0.4473981935415141,0.2526363861470839,0.7023384626637644,0.4948618490435438,0.25977008056191203,0.652263523493231
255,1.6861931694430523,0.9685643368484882,2.6974918827717094,0.4290344490725307,0.2697596982783742,0.6453778200474126,0.4512275210261173,0.270067868263313,0.6497713097698424,0.3749710726306583,0.26084555235708956,0.6378455919788723,0.46257463650885466,0.301636433084621,0.6376501360710789,0.38543450073860863,0.2426637696875525,0.5891042090712117,0.36891744488500455,0.2818637739156181,0.5717633383280892,0.4817699289851325,0.26299846592398024,0.7375586179885881,1.1992712442587483,0.6539666665691037,2.0397195675604385,0.4250273853278207,0.25628312508235435,0.6313208296257665,0.447699292854697,0.27169640884477636,0.6184868165521332
256,1.6446573966586377,0.9018820045207043,2.4832265513629657,0.40330599202901407,0.21136877160710896,0.7379841537333044,0.4711657551345376,0.23335766093426066,0.8283353143350968,0.43852727801650465,0.24659144977770114,0.6695071976842799,0.4012334739166825,0.20415981170722675,0.7651265223690329,0.40658279687300813,0.20960288108851763,0.6593635859653579,0.422100999256491,0.2655487886149494,0.6872861279190368,0.6358036395777544,0.2766674658246153,0.915052038788908,1.175783404301105,0.6909732612272064,1.8486050287998608,0.40771549821472697,0.2554848554008738,0.6489266714981919,0.4806279606283106,0.25095064454279764,0.739973443741299
257,1.408860677462858,0.8132057303149982,2.119187933061417,0.48743668516622307,0.25831753623659764,0.740029711397336,0.47659706947093256,0.27369767630726405,0.700891096641845,0.4319207392113027,0.2547908433690856,0.6296291616139454,0.3997368531962177,0.22005119983429727,0.5930977601830335,0.4601211796481426,0.26607620383080616,0.6226958525559336,0.44938237781271406,0.2566658249269459,0.6874641830420173,0.5224330448719378,0.23346868096638068,0.8687435773421244,1.3414379209619498,0.6516535345570027,1.872219505570775,0.34151980131072035,0.19282283370649322,0.5481113014929868,0.4737408956736443,0.27966554720294085,0.7205637447950549
258,1.4045083326844385,0.9178178837155688,2.4563792107648723,0.35046682580733013,0.21463899137151674,0.7414726434070176,0.49085792976804354,0.2876478469631743,0.6858487979676807,0.4152320908235837,0.2784296528299778,0.593004885188072,0.3999132736546226,0.23477437796830183,0.5775435423971109,0.4019792285147848,0.24654924068916279,0.6322972693252071,0.4136416129885253,0.2328122767769166,0.5931343636292559,0.48578849990879536,0.2587421385054377,0.7114647045444893,1.349816909498251,0.7173632224939318,2.070783534931832,0.34910626478153645,0.21365216549325805,0.5497039452562169,0.40882271234131756,0.20894880842287658,0.6567204746535605
259,1.4505101880213864,0.9937762596565094,2.5160450391592506,0.44157823244209676,0.24880802918285688,0.6512937177734934,0.5428619784487763,0.3420241251255806,0.8135136744740002,0.4027615709028846,0.2670073707266696,0.6251443505228567,0.37371945819018876,0.22356080939554526,0.5267118752154161,0.47804945738696014,0.25892231612704514,0.5987503629761506,0.42769768540830916,0.28432213221398345,0.6176052107840146,0.36407828712456247,0.2225703769666022,0.6938743814875435,1.342353029173843,0.652987808051496,1.8896029752169947,0.3884370127596706,0.18832733658471562,0.5917612938352246,0.3838313398875095,0.24780242490343396,0.616350855271959
260,1.5934035297005062,0.747971877325982,2.3348924656509307,0.46875529578910746,0.2813070305481636,0.7413295690246883,0.5255455955876096,0.27786441114677807,0.7989921363575107,0.3959056902849124,0.27253189009730744,0.6478447405480923,0.4267331606490563,0.26445749316050504,0.612113360161844,0.43358871618276695,0.24015085354340893,0.6078143312340931,0.41416233707856065,0.20019178458609585,0.6524490341393414,0.5150045140579673,0.2614166902938829,0.7928739836967937,1.3042515677382616,0.640235577576753,2.0693538177940303,0.4317248924138664,0.2640661361574457,0.7529326192884207,0.394578183783584,0.23696675642008988,0.6067250474007001
261,1.6740627171293299,0.9075877167187832,2.307308463364241,0.4015472926629393,0.23114861367160358,0.632793823258169,0.4690134522122802,0.2844464694028016,0.7845871124839174,0.38160390706928116,0.2701497509155628,0.6971823524859048,0.4093796955717206,0.25821795057263336,0.5849497528954561,0.3887958131569548,0.24185521252333023,0.6071333384160469,0.42786879874189565,0.2759146774923086,0.6239652202184554,0.5498369517963075,0.2735162776539051,0.831761565110846,1.6496626046271543,0.8875071358270502,2.257302115441797,0.3353535951878561,0.19382120780454976,0.5953464882762443,0.3704049135331997,0.21739407308702005,0.6050857173150852
262,1.6623665841343884,0.8262838598225617,2.4451255477294884,0.34996296687802214,0.16893069181958337,0.6270156180849963,0.5727017035320343,0.25952924545533673,0.8511563595886688,0.359785453957999,0.22009821593685353,0.7159534947735992,0.35779600390494093,0.18926656252957758,0.6683900871252227,0.36455147519018594,0.21368719473603334,0.6555223435219737,0.4395821843088736,0.24083495700240184,0.6522411874402235,0.4273417385414404,0.2518780583777875,0.7631850396824206,1.338092808555062,0.7456367780853068,2.18349378628729,0.333107630852268,0.1911781023593322,0.6064298313462845,0.35246702001079977,0.19394040914183341,0.6272267708556354
263,1.7756483024168177,0.9777598802590406,2.426714351891269,0.37466772932779496,0.18767219138709404,0.6085417110672731,0.49829243225827147,0.3054874243449487,0.7875508815478193,0.4232973194358649,0.2533069423111267,0.6725126583277125,0.4444303860482366,0.23568502173654773,0.6632443187419598,0.45118931815221996,0.25308387549580375,0.659116602607699,0.46809992857422944,0.2984362331659357,0.6279702350083468,0.5404461560936593,0.280323698183206,0.8006107201631406,1.3944968871863348,0.6675463114396142,2.100095636382876,0.341021587469266,0.176928824068801,0.666128443886924,0.39946937486771383,0.26005671348044196,0.6932859964784918
264,1.5234237626751461,0.8559809032789861,2.2781004710773485,0.3860876551906525,0.2051383892808339,0.586568546903155,0.42422331830468796,0.18011836845236384,0.7345401657707614,0.3956120584569449,0.22183320644308469,0.6124060794983912,0.4097427238656519,0.21459997555964352,0.6325299508669853,0.40214603516260927,0.2528067710614999,0.6367071730962395,0.38341838122256405,0.23861631568904748,0.6580420212271779,0.5393704071247685,0.2597197789523583,0.794043457130039,0.9717161594734051,0.6377585899756204,2.028666873631383,0.38639158337285795,0.2403905639791165,0.6124075585120772,0.3650931438636422,0.24897489618780624,0.5970906718083359
265,1.2853214756967295,0.6768149891464929,2.272312228544726,0.3816824008594102,0.22564943949715105,0.6580137609993716,0.47632968497469447,0.22552221824959864,0.7934980621570922,0.3612304511050896,0.23152614274434802,0.5975414461470779,0.3782808283660607,0.23712773513455057,0.5620304302027541,0.36742041199530695,0.24021139429913038,0.6129830297809331,0.424327821726575,0.2146801923921512,0.651453229285463,0.5061800388026169,0.27283595023185614,0.7660196521320084,1.077000328128134,0.50665683412453,1.905124846044567,0.3557765958647451,0.231680657424502,0.6363995275965874,0.3573406222738619,0.248993954290026,0.6927460449165257
266,1.4644597771085035,0.857657903685951,2.146353965585359,0.36921594940564423,0.20377260513605336,0.681503965572999,0.502703606581029,0.24830449620330916,0.7000097063360372,0.3613189508646,0.24174058620541475,0.4933819685119669,0.39439717458752344,0.2357412882362334,0.5276341125825051,0.38476250389048594,0.2483124576471752,0.5263417549074809,0.4047668590339806,0.25176038463936956,0.5969432977210104,0.36931100745144907,0.23528673482455045,0.7550844689102086,1.3071117106330545,0.6333627164181561,2.0478360836318856,0.36224827981167973,0.210433801405096,0.5550617986303796,0.3882522800114207,0.24644855782143094,0.6196328525369967
267,1.6129068610937076,0.7400752979103522,2.0890425482404544,0.426660208350661,0.26244818610718845,0.5955138885098314,0.45674750460626856,0.2477761215425698,0.8570323033831697,0.40353037540300996,0.2386766649957043,0.6376680025885839,0.4128328633101084,0.21151838023967034,0.5948034993016564,0.4022211710802326,0.23741854982634542,0.6249083012364868,0.46544835329595413,0.2545177964184992,0.6459498627538947,0.40887765368119955,0.2452500979723944,0.7285682164554658,1.2639035736120765,0.5782432912062908,2.061184349708305,0.4247380755451573,0.24929856863129005,0.6434049006709,0.42534901824140636,0.221260652339984,0.653750988541985
268,1.7279658811935819,1.0498693356227122,2.318018101850759,0.40127000648747413,0.18725288002146756,0.6662182185585348,0.47578556387700127,0.23256992014608535,0.7929948057999299,0.35735639253037565,0.22399149217133532,0.6664662958763151,0.4251946911170186,0.23396473304341378,0.6567879250021094,0.38809567924982513,0.2285459966546178,0.7137273397070547,0.4086212054305812,0.2025167995417459,0.7113733938115557,0.48267299974341865,0.25386542760679265,0.7664640407232914,1.1888614270160254,0.7755839385494997,1.874964017467901,0.3458311567268496,0.18094070529033582,0.5734047821557032,0.46076467128271903,0.2666411772263861,0.65491438232554
269,1.5734948555469899,1.0920676437889172,2.369812187641527,0.3709972015940636,0.2042811631458045,0.649521559058514,0.47941640246588124,0.2684321204503174,0.7317756060083359,0.33422249078517874,0.20914039986409444,0.49171778565179186,0.3590777070286302,0.2265684914120117,0.5596279323998876,0.3589833261497988,0.20374697098197686,0.5521990092346394,0.3689536619424334,0.224812218367444,0.5373950252342536,0.3784924533794206,0.2266451117678486,0.6510595464984533,1.2584163922405769,0.5576708222805796,1.977456247384369,0.4044603030041949,0.18322508998705006,0.6418060696224118,0.3799162454345665,0.1993760837958667,0.5829056157904633
270,1.5868901811594314,0.6648431998504141,2.4463404713915837,0.42232961407210745,0.21157398919342896,0.6355151058547368,0.6140386267003404,0.3959157256584489,0.9890323909240423,0.49626827968294274,0.3407907955864337,0.7266023207686342,0.46924063572002417,0.22215762702681835,0.6969100296824174,0.4400773608694636,0.32763635235625366,0.6620380813371148,0.4108427224128042,0.2570892975232977,0.6877418061709942,0.5585720232604059,0.33915843914729765,0.8354728156000458,1.389981934614807,0.7460888347587935,2.2220072580848456,0.4532836608938521,0.23189210919575762,0.616185632207696,0.4175236717559108,0.2500736539668821,0.6480862037683099
271,1.5064880353552417,0.830082879263462,2.5780401836522655,0.39595274939602465,0.2338379636668567,0.6071977152703404,0.5057737676813137,0.2668742877409174,0.7869166271536759,0.4396465944516622,0.23482711175970564,0.6519644123194425,0.49980553494667557,0.29929412073681716,0.7290856812096118,0.4138925807660011,0.21298790823361394,0.6404965311361374,0.4479631917077127,0.2755010244726224,0.7290103630368574,0.4249255531392123,0.3026496711577196,0.7643574889495106,1.4760755076977334,0.5954976299507794,2.2519660619538056,0.3875036861811536,0.2700217171035874,0.6861432046857745,0.43825990872860177,0.2151740198214812,0.6696447169203533
272,1.6078906341428982,0.9249049719772983,2.4616582626151,0.35526311232289753,0.176119984531753,0.6847495655301977,0.5088119698761548,0.23158498348998094,0.818316449799494,0.39929407619641155,0.21478558079712082,0.6288039732757417,0.40926378310970357,0.25442916337693494,0.6717013605790408,0.420758362862334,0.24465454495187425,0.6126088424027565,0.4015561013713196,0.25946998932713594,0.6763076320546126,0.48378402166850887,0.22318199351388268,0.7677995207686615,1.2992147464984203,0.5721387223285861,1.999816431614792,0.3872878393088554,0.1892376932167785,0.6047549383478291,0.4397124244978998,0.2517079332456671,0.6646125986705161
273,1.5471413549916584,0.8932999782108741,2.3068122359067527,0.39826592199137156,0.21055593134321293,0.6037274208627789,0.47805050456967857,0.24358446427894226,0.8110907488000039,0.36670885808413545,0.22359832893040868,0.5595259721791946,0.43708087090979786,0.2399841512101388,0.6498303226098078,0.39393142144177096,0.2270895536005262,0.582865765587462,0.3989826382320591,0.23961234898655814,0.5421626823158235,0.506831370283154,0.2851004539716509,0.7243231171780989,1.1309575408677037,0.574389337561548,1.8950911981838943,0.392116275186146,0.2935273816229949,0.6315575781249879,0.404460835537356,0.28481287170698255,0.6159915092231708
274,1.4482294295453841,0.9226945951983349,2.241755277241506,0.37607270409714066,0.18239527551883097,0.6107185775539397,0.4550117923226088,0.2834554690207083,0.8405579928975776,0.32273194693313423,0.19180922591505314,0.6741233779646524,0.41420401343944857,0.2331698304434412,0.6041111732976842,0.37086905781166013,0.2029134132043859,0.6974769405902624,0.38768409058425113,0.18852354401751678,0.7388376976246401,0.36673098636870616,0.24326356771134033,0.6881973556991113,1.1828761268637207,0.7592975461107219,1.912192844252019,0.44896937982472407,0.23483902217794916,0.5645068110544432,0.3770411769870866,0.20174437898361552,0.7360674437511768
275,1.3241942251426801,0.729042601643706,2.058939863924877,0.4088789771033186,0.24618252003936228,0.6143928450762732,0.5522871893464587,0.3013679665647633,0.9272470122702381,0.4964585499073395,0.26899465024188907,0.7638223024772524,0.47114467972082147,0.3258475632806249,0.8157067149201854,0.44603660106451126,0.2745973220054175,0.7318160794303946,0.41978353282339453,0.24146830730685234,0.7548946452647426,0.540877231398631,0.29542579829654936,0.9033661401713888,1.0410976926468254,0.6019487949959912,2.087650747875325,0.45205653002478385,0.2320530894449902,0.7201343936359815,0.46529760556354227,0.2705654611942271,0.7971064905173422
276,1.2403054201081296,0.7131123372249459,2.193020480411128,0.3955012340399392,0.2258319310748605,0.6218062453259915,0.49074849839071283,0.2574518852904563,0.8417735565980424,0.36540941467950583,0.19415017979029117,0.6104378293467136,0.37518138564431125,0.2505562215923914,0.6728775750206073,0.36947778428541667,0.16428373340596564,0.6183866466513709,0.3942077184180511,0.24021007760430738,0.5851816696030148,0.4752611681937023,0.22766906947970278,0.7438777810914429,0.9827084225664523,0.5379706609258325,1.689921932977693,0.4056594655100689,0.26578997578188823,0.6733440725087935,0.44406260419258387,0.2861696154950627,0.7174529095369523
277,1.4435227437376947,0.8391436754461589,2.3877051920357832,0.46180366211822005,0.25525181024481003,0.6575436344097801,0.4349645361822665,0.2679784500316318,0.694914888767027,0.3506897007474387,0.16920394012729065,0.5646515198599683,0.40607506240876035,0.2462555863382899,0.6178015333551541,0.36974771745261886,0.198667798091707,0.6241748549548156,0.3926910615861263,0.23353218996045844,0.5974027844179576,0.3996750555282679,0.2505916164296164,0.6341607003381249,1.0715079329267079,0.5917317296385489,1.7576885115481757,0.3713845865972705,0.2030384939077719,0.7181911837110606,0.35473825711250906,0.23490351483456684,0.5741963703509008
278,1.4841691118643028,0.6241327581536454,2.489945535256497,0.4624040678596484,0.23339947815307127,0.7122536889910844,0.5542270262659812,0.32211446839266544,0.8817254411079838,0.46490798938271494,0.26759311841337646,0.7437078475532403,0.46645743492494096,0.2507613424774871,0.7130796651807867,0.46724981101567864,0.23361372834087712,0.7702229038987276,0.5165564658460146,0.27983027916423836,0.8148826464159247,0.4329071926992377,0.24725047896176147,0.8172194992489387,1.350419627231822,0.7290392392977443,1.88096569796669,0.37614701129109535,0.22550005395546693,0.6127658012534599,0.5041408600715951,0.29571687398952934,0.6582647461409987
279,1.6639040046395952,0.9177730966018498,2.3700725911257905,0.44233960301981046,0.2405922964087602,0.6289608881547555,0.5859025651836616,0.30284168976910075,0.966145640600553,0.4746852521344327,0.20310110897311695,0.7081367642242152,0.44037269686322444,0.2285726645026502,0.7392689003975902,0.44186965507745535,0.2453858108199673,0.7040714901956752,0.453502919371925,0.303062696510729,0.760351262789639,0.5409303414543938,0.23501162184265953,0.8226411138762584,1.4440895283094295,0.8108365414818959,2.183611786131854,0.4494251160216288,0.29429854294537433,0.6522353243654342,0.4855522423871682,0.328636706611108,0.7144057228430362
280,1.7821976743433727,1.1709406319841367,2.5239646427106517,0.4842474508719603,0.28995132566903603,0.7034824757164845,0.45201631233724393,0.22097409092229495,0.8388377212503755,0.3676906106840976,0.19657023716526809,0.5976438637960274,0.3959846310613967,0.2381163267762934,0.6385085521813956,0.39093674127035455,0.13782476196083404,0.6417687118380144,0.4174881112352271,0.1853089392638331,0.7335317345122425,0.5665585883676549,0.28318659576588046,0.942572141653852,1.5478813763657775,0.7070336793315778,2.177743305511255,0.37159175031652697,0.21447195344584502,0.5431308076232602,0.3790972378301272,0.24943647425147755,0.5889786548213637
281,1.8140772646717296,1.1051525352993707,2.756310192771689,0.4699940345469718,0.2554210655648738,0.7087135256482174,0.5328904381141581,0.3092597123807127,0.7641341984021156,0.3548480819946653,0.22378026757198652,0.5282419746717878,0.44472940679898176,0.23241652609613428,0.7240709556718398,0.3357482850784097,0.20305750563731872,0.613092755715971,0.4105942110521609,0.24098309676619367,0.7858026857660392,0.4429260153097614,0.23047027793864155,0.7304037640626093,1.4642155354147324,0.8543807351376117,2.248743853660826,0.3884672854832071,0.24967341032095064,0.5625329447098,0.38126294403529637,0.23619265593701022,0.6314381971120079
282,1.737338717383154,1.133424108817164,2.6016677609462167,0.48787652539390114,0.24790713444080006,0.8639716966513606,0.5114318022276868,0.3459490784330962,0.8700646898971378,0.44858593428911236,0.2502836142280516,0.6624180175633826,0.5184981419124661,0.3005095305109572,0.6882742817627052,0.48966449578202775,0.2633367279633899,0.6871681952971813,0.4577401658518686,0.31808275760329646,0.6517057563903778,0.49867526403585105,0.23639620686627807,0.8505747038412733,1.2332383748417937,0.7757257940977037,2.0244497752844883,0.3757470222248678,0.23075341733407367,0.6828963532654813,0.46128883369341794,0.2875367894134186,0.6784488497341405
283,1.560714511632125,1.0496658668124352,2.345508217713057,0.42923629240643746,0.2613726691099624,0.7102579462594593,0.5879201407934087,0.29930215986614567,0.9273953424698529,0.39083609700387256,0.22749950260419613,0.645262189368782,0.47947478884056327,0.25781073815326855,0.7127026051175802,0.405292111134801,0.22125259282996784,0.6703965774645398,0.37254365393083155,0.24717912775590556,0.6230112155597186,0.5911344097109179,0.3020517095454035,0.8928353817246142,1.185369558066958,0.8137385528418188,1.8886905915303338,0.40615166466395025,0.20649115159855583,0.5411101264244844,0.4219977076070053,0.23628418257460498,0.6580049887715678
284,1.4365187555323509,0.8373233384193886,2.1726700254903113,0.36082534227911833,0.21715495605310442,0.6377257223688785,0.4683442801678972,0.304025087348907,0.7869721195138846,0.3522654828796157,0.23242108901481714,0.6076770928714897,0.33817519471629964,0.19661510266476043,0.5376999151114196,0.3824545217951576,0.25735327000410246,0.6759165339155772,0.3647873920893847,0.24755848766432303,0.5850415662524941,0.468417050288961,0.25420155670455125,0.8329601956382207,1.3104470581956327,0.7522960751677925,1.9590102465087484,0.35234240311277004,0.22719131142024024,0.6128823567339526,0.4099121462464277,0.2616878738205752,0.5244922634625299
285,1.4720843712332776,0.7519554852086928,2.328966887594805,0.3593846265833126,0.21237365062389246,0.5844645002557787,0.48869921894045276,0.2724931265795063,0.7336926673768553,0.3973401864568786,0.24356345047261696,0.6026760951448232,0.36058709857407956,0.20782259055178678,0.5263158355553784,0.4014363744614165,0.25764467490976595,0.6207772688973731,0.4267799781813786,0.2244012675685233,0.666990327082225,0.39406850197470794,0.1904735043952536,0.6913610759019271,0.9438222980673975,0.47073893702152,1.6217413141907866,0.3702651470132826,0.23799902082234306,0.6217993873158246,0.4019900085546372,0.2551613143265241,0.6136516167939552
286,1.3258760089333395,0.7316163909184944,2.2813350392999086,0.4139342709186075,0.2402273861361646,0.6279267631078965,0.4688042787778364,0.2837079865851032,0.7477069910623174,0.3532261671353557,0.1927671814630479,0.5729966374624724,0.3867872386364152,0.15003032780808995,0.693040827703255,0.34035316309974517,0.21765459172926893,0.652360828301854,0.3940219949979216,0.24076804376387642,0.5271535791119063,0.3995588283380844,0.2532417104465984,0.7448188610878421,0.8138351606018132,0.4559022548203285,1.6281930771319588,0.40086772181452296,0.22817409645986317,0.6100611940071154,0.37178729115325765,0.22112778755010173,0.6276876083818739
287,1.301192047378125,0.7585512087691888,1.9116248370788995,0.42902940636618847,0.22343262166185637,0.5577930636458686,0.44993130580522456,0.2866560120137882,0.8646526695476039,0.3879540179463246,0.16841669074390764,0.5900056868781922,0.40109379460244476,0.2034826651921085,0.6220690541400722,0.38275657017635467,0.17227577470068595,0.5618977533431263,0.3137286320277054,0.20450790787847986,0.6134008639058796,0.44986214139177005,0.26303580042765634,0.6252558097977631,1.010482785198368,0.5588147394548832,1.5330817520306996,0.3822696309812823,0.23180995059227832,0.5678594272048627,0.390052974695106,0.2976339824236775,0.6304401539240502
288,1.2808014856063337,0.7954153333250241,2.0637722296044982,0.3864588757174171,0.20924774002814975,0.5991908964142362,0.504836502868885,0.29722544732722606,0.837705480958501,0.3519281364812079,0.19789315476818328,0.6112070086916082,0.4293887338675926,0.24309448724075325,0.6718444999345948,0.38500030718296113,0.22409618241477203,0.6000263036170573,0.4131469361822579,0.20845816303681042,0.6683663858131029,0.48115160746565433,0.3281031756948218,0.6865976128762246,1.0747514072831938,0.7155399895057298,1.7238685217015028,0.33786046265606456,0.23558248576093346,0.5258615176758916,0.3723536052028934,0.20354996961122676,0.6267808230910583
289,1.3276190154116856,0.9257834486628591,1.9221349873760256,0.3694345419873418,0.1826131682030884,0.5692717106973663,0.47530592626387225,0.3175058879310598,0.7770947778139935,0.42428064099303314,0.24644966279106567,0.6411725910453684,0.44972536427841703,0.2421300135355719,0.6830013307625151,0.4048088073229382,0.2343918005127532,0.6788184151459143,0.39187313157714104,0.2178010780182605,0.6840406544237021,0.4317656908528389,0.2855844541807257,0.7374146659247741,1.1399541620172848,0.7131790163419948,1.6294305187231346,0.3649400857254821,0.20855323215839053,0.5685957724387831,0.43193799275231193,0.24494228142426758,0.7232954551073171
290,1.348340241473989,0.6755218870666574,1.980683211975008,0.3200788414351131,0.18004605136685906,0.5197562119508221,0.4592327296056258,0.32466725165577986,0.7455357454485143,0.4368273348007928,0.2802037275401476,0.6429423182951081,0.3702636487137211,0.20769999259886876,0.5662905650639593,0.44780513863556204,0.26665634855457787,0.5983491960826652,0.4621925069959138,0.2838968714942696,0.6879825199908016,0.4797057615392683,0.3022913276979793,0.7448141189497034,1.0472563312125485,0.4984517611522134,1.7301243000941808,0.37214339181905476,0.20574621362625314,0.5680216033420126,0.3993073052514824,0.24075649978725527,0.5797702377513402
291,1.2449895538598619,0.6637778517521671,1.8814679567896238,0.3244171563019096,0.16484922151204648,0.5588562085680068,0.42421882126380794,0.2751299670507535,0.6822515457632471,0.35546766001271934,0.21690349774453957,0.5823244785826854,0.4268195930156279,0.2265731996651149,0.654900283850831,0.3676856684430599,0.1970584285551186,0.5514230936138234,0.4337539345197263,0.22692686502349077,0.636481883834506,0.5140642181145019,0.2757074969393145,0.8165717293005257,1.225623312722029,0.6757748443873477,1.8015566465780237,0.37421080772650506,0.20825125276728382,0.5887339121960437,0.37756324478268255,0.2226174385669018,0.6113506234372056
292,1.6189057199063372,0.8158478752473967,2.361121701816526,0.4543067906355484,0.206134935513556,0.6630314348505709,0.5080394310944634,0.3145096138377324,0.7398237069979366,0.4216684086926609,0.22831252162364343,0.585800817043907,0.4040493134322039,0.21564774969467668,0.5527992253784239,0.4109427781693367,0.2693650154697936,0.5775512414665459,0.3835074110131821,0.2586961590116601,0.6067114805580113,0.4881915241840028,0.26129958703225,0.7071044073691806,1.3449843263670422,0.8033751675238697,1.9847618754490277,0.36878849431992716,0.19278375603690273,0.6093823102911855,0.4300316181620779,0.231085580494867,0.6241419270528312
293,1.6160858622384207,0.914117294685915,2.8688937993856296,0.39182508216530854,0.1738258270929277,0.6095305832408143,0.5059055828012173,0.319049113363211,0.8632127812613823,0.38392821276460753,0.25411905067036983,0.619781307786044,0.4346822473823877,0.2799373348260411,0.69028526005763,0.3791250746683199,0.22480831023363157,0.6095870397018498,0.3644282522132524,0.2471042784406769,0.6316287679760645,0.4383828107744445,0.24253148893582213,0.7255261133794545,1.454084948487798,0.7424470570894512,2.1268919130421464,0.39386345075618423,0.21687741827775456,0.7391132473987145,0.43001434800422095,0.2969397912914037,0.7075963094405469
294,1.885044291796842,1.0719620633364113,2.625108951690226,0.4439350561857721,0.20820428694074378,0.643309555655874,0.4235228465716084,0.20008867823135104,0.6795800250441023,0.45223093905265066,0.25397246685722163,0.7025035657961811,0.40395110969650516,0.23786289035665292,0.635191434310409,0.42855424148880383,0.2804401057884283,0.6789263329454629,0.4132510299878528,0.21067418899716497,0.7638996750510072,0.4730817928740869,0.30993151145422504,0.7902123553432776,1.5532608683424942,0.8257881493076324,2.216230916274168,0.3747677459204754,0.23670113098384118,0.6073718654844185,0.4375447413785588,0.2972694480998685,0.695601709058872
