t,med_No learning,q30_No learning,q70_No learning,med_N4SID,q30_N4SID,q70_N4SID,med_PAST,q30_PAST,q70_PAST,"med_Flag(9, 10)","q30_Flag(9, 10)","q70_Flag(9, 10)",med_Gr(9),q30_Gr(9),q70_Gr(9),med_Gr(10),q30_Gr(10),q70_Gr(10),med_Gr(11),q30_Gr(11),q70_Gr(11),"med_Flag(8,...,15)","q30_Flag(8,...,15)","q70_Flag(8,...,15)"
0,0.0,0.0,0.0,0.0,0.0,0.0,0.0,0.0,0.0,0.0,0.0,0.0,0.0,0.0,0.0,0.0,0.0,0.0,0.0,0.0,0.0,0.0,0.0,0.0
1,0.525823631653467,0.269328446236737,0.8065802776397923,0.525823631653467,0.269328446236737,0.8065802776397923,0.525823631653467,0.269328446236737,0.8065802776397923,0.525823631653467,0.269328446236737,0.8065802776397923,0.525823631653467,0.269328446236737,0.8065802776397923,0.525823631653467,0.269328446236737,0.8065802776397923,0.525823631653467,0.269328446236737,0.8065802776397923,0.525823631653467,0.269328446236737,0.8065802776397923
2,0.38214007151636037,0.2317581459725092,0.5447924344813336,0.38214007151636037,0.2317581459725092,0.5447924344813336,0.38214007151636037,0.2317581459725092,0.5447924344813336,0.38214007151636037,0.2317581459725092,0.5447924344813336,0.38214007151636037,0.2317581459725092,0.5447924344813336,0.38214007151636037,0.2317581459725092,0.5447924344813336,0.38214007151636037,0.2317581459725092,0.5447924344813336,0.38214007151636037,0.2317581459725092,0.5447924344813336
3,0.2633142811570136,0.13397037059598202,0.39850680040018505,0.2633142811570136,0.13397037059598202,0.39850680040018505,0.2633142811570136,0.13397037059598202,0.39850680040018505,0.2633142811570136,0.13397037059598202,0.39850680040018505,0.2633142811570136,0.13397037059598202,0.39850680040018505,0.2633142811570136,0.13397037059598202,0.39850680040018505,0.2633142811570136,0.13397037059598202,0.39850680040018505,0.2633142811570136,0.13397037059598202,0.39850680040018505
4,0.19249842184336263,0.09810899065915403,0.3051967860168306,0.19249842184336263,0.09810899065915403,0.3051967860168306,0.19249842184336263,0.09810899065915403,0.3051967860168306,0.19249842184336263,0.09810899065915403,0.3051967860168306,0.19249842184336263,0.09810899065915403,0.3051967860168306,0.19249842184336263,0.09810899065915403,0.3051967860168306,0.19249842184336263,0.09810899065915403,0.3051967860168306,0.19249842184336263,0.09810899065915403,0.3051967860168306
5,0.1677388819873311,0.09356795655739121,0.29249416300028924,0.1677388819873311,0.09356795655739121,0.29249416300028924,0.1677388819873311,0.09356795655739121,0.29249416300028924,0.1677388819873311,0.09356795655739121,0.29249416300028924,0.1677388819873311,0.09356795655739121,0.29249416300028924,0.1677388819873311,0.09356795655739121,0.29249416300028924,0.1677388819873311,0.09356795655739121,0.29249416300028924,0.1677388819873311,0.09356795655739121,0.29249416300028924
6,0.1671641602501835,0.0924127192849747,0.25576126926330134,0.1671641602501835,0.0924127192849747,0.25576126926330134,0.1671641602501835,0.0924127192849747,0.25576126926330134,0.1671641602501835,0.0924127192849747,0.25576126926330134,0.1671641602501835,0.0924127192849747,0.25576126926330134,0.1671641602501835,0.0924127192849747,0.25576126926330134,0.1671641602501835,0.0924127192849747,0.25576126926330134,0.1671641602501835,0.0924127192849747,0.25576126926330134
7,0.1827296752815976,0.1075875211328583,0.27687344100319494,0.1827296752815976,0.1075875211328583,0.27687344100319494,0.1827296752815976,0.1075875211328583,0.27687344100319494,0.1827296752815976,0.1075875211328583,0.27687344100319494,0.1827296752815976,0.1075875211328583,0.27687344100319494,0.1827296752815976,0.1075875211328583,0.27687344100319494,0.1827296752815976,0.1075875211328583,0.27687344100319494,0.1827296752815976,0.1075875211328583,0.27687344100319494
8,0.1745315366122418,0.08075239623095914,0.2896270797016421,0.1745315366122418,0.08075239623095914,0.2896270797016421,0.1745315366122418,0.08075239623095914,0.2896270797016421,0.1745315366122418,0.08075239623095914,0.2896270797016421,0.1745315366122418,0.08075239623095914,0.2896270797016421,0.1745315366122418,0.08075239623095914,0.2896270797016421,0.1745315366122418,0.08075239623095914,0.2896270797016421,0.1745315366122418,0.08075239623095914,0.2896270797016421
9,0.1719821722924237,0.07249897948217517,0.2561715070620221,0.1719821722924237,0.07249897948217517,0.2561715070620221,0.1719821722924237,0.07249897948217517,0.2561715070620221,0.1719821722924237,0.07249897948217517,0.2561715070620221,0.1719821722924237,0.07249897948217517,0.2561715070620221,0.1719821722924237,0.07249897948217517,0.2561715070620221,0.1719821722924237,0.07249897948217517,0.2561715070620221,0.1719821722924237,0.07249897948217517,0.2561715070620221
10,0.16724301504330125,0.09386155885472203,0.27818429171436304,0.16724301504330125,0.09386155885472203,0.27818429171436304,0.16724301504330125,0.09386155885472203,0.27818429171436304,0.16724301504330125,0.09386155885472203,0.27818429171436304,0.16724301504330125,0.09386155885472203,0.27818429171436304,0.16724301504330125,0.09386155885472203,0.27818429171436304,0.16724301504330125,0.09386155885472203,0.27818429171436304,0.16724301504330125,0.09386155885472203,0.27818429171436304
11,0.15898653397308327,0.0860128045063131,0.23076923860794596,0.15898653397308327,0.0860128045063131,0.23076923860794596,0.15898653397308327,0.0860128045063131,0.23076923860794596,0.15898653397308327,0.0860128045063131,0.23076923860794596,0.15898653397308327,0.0860128045063131,0.23076923860794596,0.15898653397308327,0.0860128045063131,0.23076923860794596,0.15898653397308327,0.0860128045063131,0.23076923860794596,0.15898653397308327,0.0860128045063131,0.23076923860794596
12,0.14572665467157275,0.09431201208793001,0.2219774138064226,0.14572665467157275,0.09431201208793001,0.2219774138064226,0.14572665467157275,0.09431201208793001,0.2219774138064226,0.14572665467157275,0.09431201208793001,0.2219774138064226,0.14572665467157275,0.09431201208793001,0.2219774138064226,0.14572665467157275,0.09431201208793001,0.2219774138064226,0.14572665467157275,0.09431201208793001,0.2219774138064226,0.14572665467157275,0.09431201208793001,0.2219774138064226
13,0.12474404290949154,0.06312224928064061,0.2840505154978919,0.12474404290949154,0.06312224928064061,0.2840505154978919,0.12474404290949154,0.06312224928064061,0.2840505154978919,0.12474404290949154,0.06312224928064061,0.2840505154978919,0.12474404290949154,0.06312224928064061,0.2840505154978919,0.12474404290949154,0.06312224928064061,0.2840505154978919,0.12474404290949154,0.06312224928064061,0.2840505154978919,0.12474404290949154,0.06312224928064061,0.2840505154978919
14,0.18501499092783336,0.09810896910283397,0.27800255488923103,0.18501499092783336,0.09810896910283397,0.27800255488923103,0.18501499092783336,0.09810896910283397,0.27800255488923103,0.18501499092783336,0.09810896910283397,0.27800255488923103,0.18501499092783336,0.09810896910283397,0.27800255488923103,0.18501499092783336,0.09810896910283397,0.27800255488923103,0.18501499092783336,0.09810896910283397,0.27800255488923103,0.18501499092783336,0.09810896910283397,0.27800255488923103
15,0.15198367834719864,0.06881987887660009,0.25147274875819325,0.15198367834719864,0.06881987887660009,0.25147274875819325,0.15198367834719864,0.06881987887660009,0.25147274875819325,0.15198367834719864,0.06881987887660009,0.25147274875819325,0.15198367834719864,0.06881987887660009,0.25147274875819325,0.15198367834719864,0.06881987887660009,0.25147274875819325,0.15198367834719864,0.06881987887660009,0.25147274875819325,0.15198367834719864,0.06881987887660009,0.25147274875819325
16,0.1993603815255961,0.10580580501228155,0.30761525260145334,0.1993603815255961,0.10580580501228155,0.30761525260145334,0.1993603815255961,0.10580580501228155,0.30761525260145334,0.1993603815255961,0.10580580501228155,0.30761525260145334,0.1993603815255961,0.10580580501228155,0.30761525260145334,0.1993603815255961,0.10580580501228155,0.30761525260145334,0.1993603815255961,0.10580580501228155,0.30761525260145334,0.1993603815255961,0.10580580501228155,0.30761525260145334
17,0.196792838643557,0.11963593834581512,0.2769812460272551,0.196792838643557,0.11963593834581512,0.2769812460272551,0.196792838643557,0.11963593834581512,0.2769812460272551,0.196792838643557,0.11963593834581512,0.2769812460272551,0.196792838643557,0.11963593834581512,0.2769812460272551,0.196792838643557,0.11963593834581512,0.2769812460272551,0.196792838643557,0.11963593834581512,0.2769812460272551,0.196792838643557,0.11963593834581512,0.2769812460272551
18,0.17259156639910306,0.10714021313275211,0.2500156035677261,0.17259156639910306,0.10714021313275211,0.2500156035677261,0.17259156639910306,0.10714021313275211,0.2500156035677261,0.17259156639910306,0.10714021313275211,0.2500156035677261,0.17259156639910306,0.10714021313275211,0.2500156035677261,0.17259156639910306,0.10714021313275211,0.2500156035677261,0.17259156639910306,0.10714021313275211,0.2500156035677261,0.17259156639910306,0.10714021313275211,0.2500156035677261
19,0.19293312469762708,0.1086705037837417,0.29133140295643245,0.19293312469762708,0.1086705037837417,0.29133140295643245,0.19293312469762708,0.1086705037837417,0.29133140295643245,0.19293312469762708,0.1086705037837417,0.29133140295643245,0.19293312469762708,0.1086705037837417,0.29133140295643245,0.19293312469762708,0.1086705037837417,0.29133140295643245,0.19293312469762708,0.1086705037837417,0.29133140295643245,0.19293312469762708,0.1086705037837417,0.29133140295643245
20,0.19689637488776296,0.10892185287619445,0.30876828912561594,0.19689637488776296,0.10892185287619445,0.30876828912561594,0.19689637488776296,0.10892185287619445,0.30876828912561594,0.19689637488776296,0.10892185287619445,0.30876828912561594,0.19689637488776296,0.10892185287619445,0.30876828912561594,0.19689637488776296,0.10892185287619445,0.30876828912561594,0.19689637488776296,0.10892185287619445,0.30876828912561594,0.19689637488776296,0.10892185287619445,0.30876828912561594
21,0.17838941819456483,0.10556213743472864,0.24021300310199253,0.15956730445895473,0.08370145815063995,0.2620463060366119,0.28083912528403104,0.18359617015830348,0.41997697155187114,0.15063301723252437,0.10012872981753197,0.21572141206642975,0.16452445213694838,0.08880900412399514,0.25067780037825677,0.21009630577151445,0.12052250368246621,0.3193871088628733,0.32097512027328856,0.17839742974753992,0.4620659771192336,0.1575059480088541,0.10506112572656144,0.23850732302434588
22,0.17848915909658025,0.10134857976431384,0.2406714506090857,0.14543626118278555,0.07345520038128005,0.24977546466027678,0.231866662669785,0.13010428102556879,0.49143515068903354,0.17482088625179515,0.10129422754183111,0.3409616208309895,0.1772645994712586,0.1253211813091853,0.37544548561152796,0.22208560184271647,0.09591568492118054,0.4239712528927797,0.34083931211957874,0.19614156168447694,0.5499793775414976,0.18509985194571119,0.09715858705779341,0.2938273436838893
23,0.16588070911968372,0.08776751492998598,0.29490986885652787,0.18125281688759215,0.10979932914337104,0.25450450946525977,0.3203466684816234,0.1532049042763863,0.4615024129243107,0.19039850853703244,0.10793676048240898,0.3342020231056779,0.2160790856098488,0.11083170757930012,0.32046785919125587,0.23628624563266723,0.11905819649196041,0.3561919783038387,0.3358478422071554,0.1534443792422991,0.5264995282871902,0.19021759890621182,0.10014121147967485,0.31569356082082545
24,0.13447016247537458,0.0719559670572203,0.24172475636847862,0.11839876307299291,0.05862757377973322,0.19191823609134237,0.20734040353325828,0.12274859661703603,0.38908798882145207,0.15443453337966212,0.08000238730574176,0.2678758131114488,0.16686161910678599,0.07972633674370051,0.2734834878289778,0.251265300162778,0.12562374165801035,0.3646837519438741,0.31130454504775007,0.2065230047417934,0.5315449860094862,0.1822422064557958,0.08535216455257659,0.28120918049336324
25,0.15423713815784623,0.08626849516361439,0.3016090722964609,0.11665174964667008,0.060492722926185474,0.21436390353192097,0.23201370427601664,0.12181172096133706,0.4024984645847864,0.18418725573589162,0.09957151317929026,0.28350576762833607,0.17743142533992826,0.09992843272182014,0.29843657384364775,0.20792253837781316,0.12087170396844406,0.39579081496260915,0.33191379024351936,0.2008977347862814,0.49995814919976495,0.15494504803473141,0.10776190969876676,0.23196506204705947
26,0.16970843535605593,0.10624091509268561,0.2711703927330436,0.11048785396252536,0.06998074196431013,0.17928533973024507,0.1873455542475348,0.11876433131470299,0.3241012366943085,0.14764840423574135,0.09255202199904504,0.24155038348819394,0.14460058220314506,0.09111524844743836,0.27683746208588317,0.1784570217161711,0.10206130214908746,0.3380647321272302,0.25232340118933916,0.164996899114181,0.42934124993922124,0.17827004289399484,0.09998584617902163,0.27001148669293373
27,0.20182039236721155,0.11841661331577005,0.30372499571515094,0.14630178954444875,0.07609327158045667,0.21823002288163937,0.20732246742474325,0.10771733543735292,0.3200960962465639,0.15136264073761857,0.10565225574818109,0.2595316360643446,0.162100705372266,0.10236475938920467,0.26754268674972886,0.19344425166642587,0.12160538603613279,0.31030302748589617,0.25586162434546356,0.1277379786233424,0.3988518080689281,0.18388434460729705,0.09920237891179076,0.27986123391406814
28,0.15833561141257457,0.08782997398686454,0.2656169268375173,0.1315075227265295,0.07939686569397895,0.21859974250696798,0.2701095862665144,0.1289752374021469,0.372431523694678,0.18357341804055388,0.10743680321561119,0.26187708304062174,0.19632443152648846,0.10762327933613129,0.27490698779486794,0.24128360589386288,0.11214106443500746,0.34611054292742127,0.29666091056259136,0.17276326916379664,0.4778997090277711,0.1556478448306609,0.09824625517151514,0.26694087604234695
29,0.1660500720487481,0.1133524651669822,0.2600941009720893,0.12736062973196421,0.08397904118806487,0.1939457498583225,0.22463857142136137,0.14226782514127373,0.36066472097822444,0.18587323503603542,0.09662468729911458,0.26933091697712336,0.21338332530306847,0.10356916507004757,0.27246417366243825,0.22036919928413662,0.12462013684947061,0.3320725432828451,0.2930225137060164,0.1729063379632852,0.5149537171305808,0.16872113988565232,0.08395953183218707,0.298570030949785
30,0.20520373672378692,0.12095711154666816,0.3091793458313523,0.14543308772532332,0.0855715765972246,0.21670798812880843,0.21786342787643903,0.10179744072933739,0.32688014361431983,0.16931851244402693,0.08968283155808567,0.23445062668005873,0.16837955872302515,0.09524584192775876,0.2421852330771316,0.1709808122775028,0.08358615553434075,0.29109715889001764,0.26583888536654415,0.15832346122362315,0.43115885375011137,0.15656923436582287,0.0875348959668921,0.27816584400234434
31,0.1913266019973059,0.12488140667767347,0.2615422391391998,0.14141771648692947,0.08569662974918742,0.21853419827548887,0.17408645532075953,0.08248578767509268,0.28134953090179315,0.15194982543638713,0.11198541829454918,0.24981967222468796,0.1469820273905707,0.09120256321879822,0.23583452844105066,0.1521878287051257,0.08765864318387342,0.2571239136867305,0.28914493831098886,0.17311410421387838,0.44503452246057834,0.1521790873592134,0.08778792294943155,0.22978920875604106
32,0.1827880347782404,0.09634450711730148,0.2443535191959968,0.13953242904520877,0.10207173912157975,0.21642625262593176,0.21014932528497943,0.1239690567492106,0.31669846562575077,0.16208698333882327,0.08929381463338212,0.24465207746574638,0.1524483493626061,0.08515430938151655,0.25173394903706653,0.18655992277286632,0.1122971606545819,0.28719216291448596,0.27424900620840287,0.1485854478858281,0.4363578389914373,0.17723876214654039,0.09920054919474093,0.2518780589582122
33,0.15873441078082284,0.10211776398867148,0.2761932023456391,0.1486765788718698,0.08283516961215605,0.25250149473313055,0.2112142424188752,0.11815766315408076,0.3698850832059267,0.17307739649152348,0.10223395991298498,0.2521767140555063,0.18035679547026734,0.07104794927485272,0.24870730089193754,0.1780955322017423,0.11195512409802168,0.27265345806983,0.25609231301250335,0.13271539792718898,0.487096974370027,0.14231430424149438,0.06792227673726421,0.27963973335995346
34,0.18109151354745198,0.08256480971759052,0.30163484384039807,0.15020119337750887,0.08072002379675583,0.2628469012041344,0.24470142969491476,0.13436337612713503,0.3670792728051692,0.22673806371397776,0.15125107643522617,0.3030636039161376,0.2242163547390143,0.15487010762669273,0.31058390239485395,0.2188977549963827,0.13137071876759418,0.3520038719503397,0.27404528600970046,0.1400850608859976,0.42680197204764514,0.18805327204854622,0.08400216516270781,0.25833780747823054
35,0.18441426536540384,0.1210025319593648,0.2475334634495119,0.15198829141275033,0.10382423882144609,0.2645806048497377,0.20266386942615894,0.11050890018752688,0.31455713657451556,0.17499073122958894,0.09522416162932908,0.25076455058763664,0.1716894536078047,0.10619248898585373,0.2495014756914009,0.20854566125781282,0.08869833929064794,0.31241960896069265,0.30374871518659985,0.17705854769858045,0.4446798146343294,0.183107993629205,0.101801334311936,0.2716003813657958
36,0.20915067270340526,0.12424501699904225,0.3304622045826298,0.1386305282264569,0.07988043351817671,0.2310534108331999,0.1999659172338186,0.12639383609185384,0.3434816198488534,0.14551334358283496,0.08466314406849255,0.26066284254079364,0.1430469882554418,0.07467211707160253,0.2771460076351368,0.19122038944965797,0.11712993494498881,0.3197933289670909,0.2582606310610447,0.1590381121891038,0.5239592131685945,0.16814811358076287,0.07249930113417409,0.23711193759774796
37,0.17887267214774677,0.08226571274506132,0.26670870455121837,0.16837356783540097,0.06669215079817828,0.2821180920857513,0.23430329174246947,0.1522504697040233,0.3953108549580448,0.1763437291059646,0.11016363106250354,0.26540135975862883,0.17507319719482858,0.10765903130971147,0.2701111281512199,0.18438402493770495,0.11543900499376973,0.30195204501350836,0.2247211641703763,0.13554112027400228,0.41300134540947836,0.20384273341291692,0.12023383363672133,0.26913751280479004
38,0.18855085720656128,0.10886098310883811,0.2956879096326938,0.15562772436223715,0.08451642615483344,0.22105107725128212,0.19476273864608193,0.09345983395235759,0.36051889777895857,0.18813005450226727,0.0771073705275602,0.2975630670553727,0.20146593152401404,0.07847707314894224,0.2794722037561484,0.2073185021476236,0.10677052280568894,0.3503951474080846,0.24749389699853971,0.14018245255910572,0.40056808428404267,0.19169029345703098,0.11178999312002101,0.25889111137982496
39,0.18963340786874094,0.10273074773588507,0.2929377241168178,0.14065113905636684,0.06670516702817324,0.20781352283990234,0.2610825034296223,0.1353496723213945,0.4091073463228565,0.18450880609216075,0.0998854408975681,0.2762919100243768,0.197773886884682,0.10228138531522293,0.2822248666127054,0.23272803632159783,0.13176752614216702,0.31457418778183804,0.28981573918724063,0.15494771276132632,0.48239488876323594,0.20059980700217706,0.09386489071717605,0.2986833638980909
40,0.15230689751562057,0.0852185586316267,0.24905253220460702,0.11227130691264445,0.05160629722454415,0.19732700801780037,0.1919283338901236,0.08859566572559101,0.3265182153867039,0.11457716861214598,0.06531022177138897,0.20581951922697309,0.1072001419446803,0.058918068621925467,0.21439814789235956,0.18802634501803916,0.12399191273724876,0.2610679989605144,0.31567165892041504,0.14471898616391857,0.49593285063076276,0.1106448993239405,0.053035580245490904,0.21707727350301467
41,0.18772266601731993,0.10578451703492749,0.3368399248759628,0.1331815381154227,0.06829765459244562,0.18977594361291888,0.21322906171945372,0.11348241942633346,0.3694512796820196,0.12859518513017237,0.08416068237731683,0.22661601337770346,0.13602048163048178,0.08148466065858888,0.22525053805914788,0.2172347812461441,0.09600251976320089,0.3477738411978888,0.2921609746384674,0.16985422566899433,0.4588001496747792,0.14979782916241302,0.0788644847735282,0.24701339693364296
42,0.23455102181503415,0.1372785258913353,0.31892078307012534,0.15127252881598108,0.08609138498400258,0.2216851235925669,0.23704200366702505,0.159028444882855,0.35422104958313366,0.1771055121242549,0.11772845971021052,0.24941171331356127,0.16688989796700418,0.10299063308756734,0.24801595782175165,0.20641974042639555,0.12403946497408522,0.3145856666757707,0.2658194700559531,0.1522354267036203,0.4255720679896108,0.1460475758473061,0.08958229718613782,0.21440762971036298
43,0.17207401600851902,0.12256414887529476,0.27128760589745077,0.08990583525398388,0.055484798574771836,0.15938713033713178,0.19447371937167252,0.11246047318172428,0.3232416094396819,0.1757273369558972,0.10382361813111927,0.2806513452548915,0.17501342344227275,0.1291976008574586,0.2804630141400744,0.25195832349068353,0.12977719446342512,0.3361679931183673,0.21527842800978308,0.10829329894645603,0.38255558152563074,0.18058238455100684,0.08320340387161024,0.2655848277973473
44,0.147346357824436,0.07693809805457133,0.2752296405245708,0.13309585840204433,0.0739064358414681,0.2188021428293094,0.17780533650392916,0.11099769666479502,0.3099970646600705,0.14459258519587515,0.08001364911728487,0.24118012547532974,0.1542139100014339,0.08859799261610866,0.2540406123364754,0.19754677174113938,0.11198205027119662,0.28223648447123556,0.29202448409921533,0.17966810480886866,0.47293893819121174,0.15360107661063324,0.07708786309347394,0.23489067436543665
45,0.16378066274244485,0.08843229255914684,0.2702227641136963,0.12068671836030148,0.06904947206541849,0.2228539387356346,0.21068004883034003,0.1282571565149638,0.3429431076044264,0.19393085079399897,0.09279999554952847,0.30071110381469396,0.1805023546558856,0.0956329923089402,0.29258315647821276,0.20484115269418457,0.09432879485967192,0.3167665020994567,0.2894193986091667,0.1714558723791365,0.42215315699243766,0.18344780609004832,0.09559160777035348,0.26863909732122276
46,0.18763677174940088,0.0857116354721294,0.2759163905964489,0.11696839179086288,0.07721282370143816,0.1968489026801846,0.19830244810493092,0.13132544965869286,0.325160611868839,0.16566995487132363,0.08583951802906213,0.2406797201836295,0.1732444773617131,0.09101765067308114,0.2444050022808189,0.18870693069159136,0.08705717340620579,0.27945968520830183,0.2926920880854643,0.1472790570130486,0.45283488989562065,0.16902370516276372,0.0878401227247604,0.24505890987567408
47,0.16868963015301733,0.08257489740067639,0.31962148095357606,0.11447538084345354,0.056124655107796836,0.21132409252057266,0.17802021103298335,0.08905746339231765,0.2902563281608134,0.16151074037916668,0.08846097470125433,0.2630405193313429,0.16941193147145528,0.08695358082547773,0.27372158588612683,0.196686035891239,0.12661292979189323,0.31186649255938803,0.2929716060450288,0.18267314603370266,0.4874655251089624,0.15905643704607367,0.08463803021760889,0.2684054999000483
48,0.2125537918546339,0.09980134729627008,0.27255009882558584,0.15073777092153295,0.07480954460863677,0.23422062280338402,0.2327245149326328,0.10914599078196903,0.37519440899905876,0.18641962369183585,0.08147655146264596,0.24346767174081219,0.1775948483472729,0.09243081817507501,0.2526280657753504,0.18073396203129627,0.10619577164401951,0.28006040176063557,0.2864591077034332,0.14059565287645512,0.42556717180302134,0.17911383370141828,0.11198016354246987,0.23364155868705275
49,0.1867074004308056,0.1183044420189183,0.2962112193443896,0.15072753024161534,0.08160666569005934,0.24670218482498885,0.21062495444207308,0.10673176854542592,0.3393174939541646,0.13542880400086604,0.07700003890522737,0.20805445232616357,0.13189254656766586,0.09023284151949544,0.22352481905115199,0.2050465816486553,0.10281927703775369,0.29177605522416583,0.29565664722416407,0.1790290412430189,0.4341175983337449,0.17495185516805764,0.08202365588486579,0.2536804257189523
50,0.19828048527274414,0.0996220347524994,0.3058437131939832,0.15832054338542356,0.09175893233643456,0.25935607871722205,0.23589069921430472,0.12730677103176885,0.39643201526594624,0.166864822264438,0.08989005564588398,0.27902350513332635,0.16986326253928513,0.08760766202274306,0.28857835819565175,0.2092798813248845,0.12535702173136953,0.3307973015849746,0.28389499685268316,0.12041183143419631,0.4871321688755667,0.1627135666026049,0.10421406469653266,0.26978293732014696
51,0.15606346007027372,0.10105500433702774,0.2403978913127277,0.17561476330609488,0.0989410083232634,0.26744014815974226,0.18711933945596598,0.10004593993657787,0.29557572991270925,0.17445387971280607,0.10639211723519415,0.2500340144580954,0.16411954459480832,0.10844298193316011,0.2498436963242381,0.19593432668841465,0.10473062984608499,0.28028613676815606,0.22422425919076922,0.14367097699628012,0.41436477748169426,0.1550199731542229,0.09472222776782585,0.27586992991509535
52,0.1539767661811129,0.08361241674219445,0.25060093631802377,0.17550138936863002,0.09842119000088075,0.2514848886110187,0.20954781692204516,0.11437975948737598,0.4058388114113594,0.1697960421780531,0.11309372195085035,0.2560455175341485,0.1670058469070003,0.10022764027567051,0.26340703945627575,0.19999771698341068,0.1275535637109032,0.3009527637948568,0.24167247245184617,0.1592898537491171,0.44691965781826115,0.1591801529413452,0.07053191986165855,0.25066044491172285
53,0.15185314284550427,0.09125022170750138,0.25218125932251784,0.1335211985642588,0.07334022765724645,0.23603190322070744,0.2080760174813136,0.1122671846478204,0.2876986666935392,0.17063368530872125,0.10091030138201959,0.2553677773667508,0.16852551746270572,0.09054703806328211,0.2711125220560654,0.22434224836642,0.14931531187302938,0.3032771328555509,0.23997875363836232,0.1384200661108963,0.38224710061163875,0.16214582855100734,0.10160453889539363,0.26075532394849177
54,0.15903771647758858,0.07235472549541787,0.26148123063054485,0.13161033737064448,0.0814109249597608,0.21148406225447888,0.2211260200577726,0.09715840897654916,0.3323019258702289,0.13302656123321105,0.09518426712082256,0.22343491749484906,0.15001795268108223,0.08881039447163866,0.23863111916759785,0.16192207952881166,0.08883574699899102,0.27301589527353365,0.2902399736202844,0.1588645831588356,0.44751807524956133,0.15710414248269863,0.08367195642571697,0.23327346172557878
55,0.16045764431932674,0.09489404335553903,0.26034945622742545,0.14334476909709615,0.08429717979296453,0.24618559121732558,0.21951044836483358,0.12766643298734284,0.33176995832693335,0.15120068396631747,0.09062295187191734,0.23444264402777915,0.16696805959333966,0.09231472323366882,0.23725462856748064,0.21426895325122583,0.1260858354103232,0.33510928433617204,0.22725641119642592,0.13777661301371422,0.3752414700392805,0.1459526767692661,0.09325505332828699,0.2159327559258811
56,0.15924573650508492,0.11033018917634407,0.26191164702668657,0.15179907549058078,0.09669023158476497,0.24065333558069543,0.2179079447155458,0.12787673845246791,0.3082142133126026,0.15338748033203647,0.10623631054015126,0.22515624356503047,0.16210863980598011,0.11167791207475578,0.21636320345327206,0.18250207520822942,0.12339331023729659,0.29637441127258013,0.25368433312307415,0.15615784900203789,0.34965616148107975,0.17800661765456827,0.0948553992561952,0.256944462909214
57,0.16837948008054593,0.08025863735516167,0.2510648923920974,0.1360257563507081,0.0779924057466956,0.2335272581196049,0.22581836233632382,0.12292131601514839,0.36572082593427674,0.16889638146580324,0.10935297234534173,0.271112931043854,0.17055362039978655,0.11390792945510814,0.2724611282987357,0.1968751160521389,0.11816016011973499,0.32236293352363254,0.28278948400306536,0.17382187567482943,0.4555613436565781,0.13112021324614032,0.07661067991440018,0.23554555713780417
58,0.1888228099186928,0.11967622007646589,0.29083086446604584,0.16382427734608312,0.11306059149121014,0.23066540463524138,0.1530659085639127,0.08852433918205695,0.26948239155076265,0.12463893035597073,0.06326718556990076,0.1939020807287144,0.12264702144473244,0.06987104643618726,0.19991772608862984,0.13912094934667796,0.08058761670083778,0.21867223914305967,0.233769271283991,0.10014893993176069,0.3693427146068196,0.1679883082716028,0.07682136612813295,0.23337437699815117
59,0.19194031953792345,0.10830523858312602,0.28416179603028,0.15223283658133618,0.081291430982467,0.23155815944743052,0.20771878680007755,0.1312555393639642,0.3963221465624938,0.17000101422150793,0.09467626240847087,0.29447859985832936,0.18288340169148892,0.09685073973421861,0.3078457872766349,0.19949426735718384,0.10255578248927681,0.3338243218784545,0.22051875406570098,0.14421931291617823,0.3739566251607002,0.1578294520536856,0.10044976363617443,0.2678545681971075
60,0.16204973978847478,0.09981189154992039,0.25075105152800037,0.13758990235653507,0.0600976050774243,0.19832541372286105,0.2382940009951321,0.13674195341167394,0.3586447102324927,0.1549761086332625,0.10965171929928663,0.2491676233244588,0.18346610108476707,0.0995766183974529,0.25531032860187514,0.2103471446373301,0.1015915819859051,0.32157287193727213,0.21384793722682155,0.12230906443355186,0.36309895428305167,0.14641596320977868,0.0876304234235866,0.2361481672850018
61,0.17194889115094167,0.10592916951461731,0.2897272102850827,0.14669912205279692,0.08618591904824968,0.20905434250667082,0.2221865332083449,0.12068415920378564,0.41923541041221934,0.19771837382940743,0.09386293270394859,0.3109860325334561,0.19635776576689423,0.10502453597517605,0.3147840614556297,0.23868407059401708,0.10214197975140762,0.36372307822289424,0.3114890892294412,0.1998930044698605,0.43116255076204263,0.17626875011314536,0.10833172064331015,0.27198241739831497
62,0.1592253233350612,0.1019116920477624,0.2555035732818335,0.13889899064858957,0.09349297377806771,0.20217607963739684,0.2436120148593146,0.12028602599167475,0.347796543961577,0.1437664894230557,0.10088568997748659,0.24926207009766588,0.1382760609777608,0.09988100038551972,0.23225608699654107,0.17931791210128323,0.1105118480846769,0.253325078132555,0.263466048148421,0.2030513351171813,0.4131146872997421,0.1376083231037919,0.08594071944570467,0.20676138788757648
63,0.1463057316878415,0.09388003397936555,0.27760369698981174,0.14536265468221438,0.07281589147724629,0.23104187465750706,0.1933719654340414,0.10819783385602297,0.29360037752978363,0.16169504533166293,0.1158111131690227,0.22117871264383235,0.16327430674955185,0.10968655026142318,0.24323407809353823,0.21513805697306365,0.12132164887529595,0.32286372238458444,0.23886343707806973,0.1337412911695531,0.4001470696045428,0.14895662655225902,0.09242065403686804,0.26390327645355227
64,0.1443744311282523,0.0900985698162131,0.24535728987991956,0.13324439587523992,0.06296393986539754,0.20613226600472856,0.20992564474502295,0.13670408011057722,0.3162816535182659,0.16142200333084086,0.09335305732203052,0.25588242406008926,0.16015773355734006,0.09719601092898347,0.24186431327256716,0.19123225995688792,0.11181391116772128,0.34342594945078264,0.2053375934308464,0.11410271769229366,0.4150503128086199,0.16899191729999935,0.08974674577945202,0.2502999446247453
65,0.15719805336072643,0.08940574023368768,0.2532012569084178,0.11553100434366709,0.056531798756963784,0.20157339367409965,0.18100938381135884,0.10340454548014154,0.3046688315418247,0.12060063318809114,0.07856993292920755,0.22669295627462552,0.13448946783869214,0.07691740583661669,0.26538921515455555,0.18902823993268447,0.10836429956363998,0.30557426742202853,0.2286326979705261,0.13515091197568616,0.41587160707127446,0.12892847853909428,0.07631645541508501,0.21529338017527017
66,0.16387457247019865,0.0909165945566126,0.24336943794082697,0.14052443710512202,0.06680931405857339,0.22143629151224184,0.2209240627139378,0.13822976084720345,0.3682626149167362,0.17504824430969984,0.11198278541685416,0.2635088605185245,0.17336910161295296,0.10569447591085705,0.2704050161297144,0.2030138065709643,0.11553999448714371,0.2999568286465758,0.24510016953625735,0.14166491549801039,0.3547640538201225,0.18356417381577644,0.10255815385704198,0.2700613024328579
67,0.18173229353991144,0.10760469041554177,0.33194096840221005,0.14036064183226188,0.07718517802676235,0.21012804354937206,0.22190035783205772,0.15190685944445623,0.35767901307137506,0.18145896133310985,0.09120690207315438,0.2560410554076083,0.1812717582934521,0.11042794364842952,0.25980949156376787,0.1831137170785051,0.10563185424202831,0.2823930624888033,0.3046325906649893,0.18543174132523277,0.43706652714623195,0.14304734056683166,0.09490697954207855,0.25947887907820627
68,0.178570480548276,0.0895433579054873,0.28354648764803714,0.13703339150315405,0.0943887357405104,0.20490542721678182,0.2040358577754609,0.11727368681072461,0.3049825326435611,0.1765683375212227,0.09840508212923851,0.25068460781562446,0.1731036162576109,0.11389224273634138,0.2587745764594136,0.1963001225494611,0.10140621473629291,0.2967927450259028,0.25054978412024603,0.15148542775877422,0.3737377557835008,0.16467146099999785,0.08620640767584126,0.2304269901758972
69,0.18601579926342926,0.1134737277710493,0.27733443856133194,0.1389015448201693,0.08339293332001466,0.22877374764454536,0.20296538695835575,0.13547417941985285,0.31339321216897603,0.17234924154971087,0.08450211367390852,0.2290967188848417,0.1720943799452722,0.10354279121288265,0.23977711298508203,0.18652464573323596,0.09291437918162884,0.2810691580796619,0.2538270434290866,0.11779114922382646,0.4262751519805583,0.15083161476722268,0.08501446727569599,0.23728337379597214
70,0.15755991442400608,0.09926351585472473,0.23956867160930087,0.12372716034616801,0.0720980924534546,0.19314532632473966,0.23386501400941034,0.12669249700267274,0.32386196913834664,0.17324076850023445,0.09348803772394113,0.23899957917470552,0.14946409186251397,0.1038190724849312,0.2381469719317055,0.1584953007327805,0.08637644588286145,0.2709680137819808,0.2341021473240122,0.1423960512319024,0.3734120049586118,0.14071064095155794,0.09708806184028072,0.22353953686469694
71,0.17730291856378544,0.08697740082772559,0.29264896837430593,0.12937300093518406,0.07949015771405762,0.20113671801879007,0.1953166478870228,0.13738365494810467,0.3166143453485764,0.15898762235192876,0.108135415985201,0.22878454999261877,0.15744995739129014,0.10907115502983467,0.23507030732624545,0.19715982260516163,0.09943035204994266,0.2792429982506827,0.23818556234027968,0.1407569050501711,0.39980946612544116,0.1653605753655944,0.11277360854993478,0.2456950956359315
72,0.146896943893134,0.09207492120337052,0.23549934117317328,0.14163204315333036,0.07317807632638333,0.25272345148479153,0.23340826027778339,0.13402678386196226,0.3702046901374284,0.15883264506373862,0.0878458295946102,0.28110272028776645,0.15912192611283027,0.08885830149882501,0.266596277108814,0.2213442980255995,0.11643137928528415,0.35577562055052064,0.261959639201656,0.1547597528612844,0.45317682280081567,0.1512078861055197,0.08347077095752553,0.2495710617653116
73,0.2007217442645582,0.10663914046720123,0.2922660278041688,0.10958497541330031,0.05740345466111403,0.1848855088834109,0.20846778286881612,0.14119816049778086,0.37679105900036824,0.1736105233236213,0.09618037205312664,0.25726062777428055,0.16246350177741464,0.09241653348298934,0.2615788441485612,0.177123928361556,0.11312071411559417,0.2943078838349234,0.2179250006633643,0.10918648464395388,0.4090189516045433,0.14067412387492623,0.09638586852683877,0.30616786088561
74,0.14500989907842,0.07625236395429968,0.26902418073728646,0.12162402209195534,0.0777508175636548,0.24499454860691874,0.17828464325032253,0.10041677042829027,0.29576797284649775,0.13623807337080598,0.06864359797800137,0.25214888097329613,0.13805026276473517,0.07160416091678912,0.2729413506668684,0.1410816195526834,0.07192726248359707,0.25085892370626733,0.23245755869269982,0.11573257322895837,0.4050404079203204,0.13892562233219474,0.0846509919308599,0.246146861680737
75,0.1543238358734419,0.08942849619494653,0.3192028476788039,0.17101434006980945,0.09936276121757218,0.24199689619181758,0.24070233352780457,0.13532709472796814,0.3840501567971921,0.16594240323119358,0.1046576106837598,0.2601441256281668,0.1628104266579381,0.09245200401601873,0.2503039740395681,0.19347599513425312,0.10332734513964999,0.30499646686768794,0.2876687070722269,0.16880775562261802,0.4499722910430599,0.1737824736613613,0.09138757985986837,0.24976824508486128
76,0.18726321698907533,0.1249865536413439,0.2815016584072712,0.12888549993639767,0.062295829863723784,0.23270080230197884,0.21829239058369795,0.12166325042139461,0.3175231833249297,0.19910140865360149,0.0888287961768438,0.29571481546826395,0.18848720047912082,0.09388649646120698,0.2949933289681226,0.1803505749792722,0.10163264874960776,0.282818694704712,0.27229389051492686,0.12323998991551847,0.4345914257728967,0.1935820603474457,0.08607444682122951,0.2557646503355775
77,0.19265355899942885,0.10675160323653175,0.2687608134173333,0.15485146545791995,0.08481089007355135,0.21306986026869404,0.22151116122880793,0.09542278223870657,0.2981259798558198,0.15258215986323287,0.09379965824572498,0.2719752189178094,0.1550566016439724,0.09159759994260713,0.26670369658090703,0.18887280891124264,0.11678976663586979,0.2822064843575856,0.3120785328287587,0.17777600265037502,0.42185852267077684,0.153609210520608,0.07665791657002385,0.23748357199849712
78,0.14170070298379256,0.0725588414710707,0.24624055884902854,0.1512934897256297,0.08763770180322576,0.24329546579557892,0.18696520568322023,0.10561764450616419,0.31283664719447907,0.17105012029161915,0.10893927381342126,0.25043715045833814,0.17557911505172025,0.1047520199727055,0.2441792314163622,0.192931783833698,0.11117546536010389,0.29044233724908525,0.22408953565982445,0.11219970688848799,0.3672430114600507,0.1640903539042079,0.10245910505640625,0.2605003405126194
79,0.15881985729771597,0.10656211265840722,0.2677443991345491,0.1664078638347618,0.10811385740568855,0.2649208090916496,0.23926175212620815,0.1327381073602683,0.3340739029458953,0.1723176720683277,0.08821725435604817,0.24379711751671124,0.16023519325793678,0.08968407237668931,0.25040902097840884,0.18671128207465704,0.10621170989593319,0.2902162922465751,0.26717133748836597,0.14739204864967795,0.39793564997038605,0.12865704489132523,0.07522517726112142,0.2129266630708051
80,0.13526626955807602,0.09143296273661732,0.23450948946112357,0.13844777539995928,0.08481946051471707,0.24539474049848703,0.22893091666750753,0.09800175967444771,0.3816433079438406,0.16513307621175613,0.10805332682687573,0.26225795010275216,0.15996604428839106,0.0961887891124849,0.26426984668151837,0.18567426117772187,0.1264109979938736,0.3014774894698297,0.2661059178994388,0.14000250936375416,0.4237793623058864,0.1551258673934217,0.09400279061062618,0.2309641479820555
81,0.16756475699433698,0.10444237313327186,0.2818666091627292,0.12043180921152907,0.056045991916328336,0.18568643761944795,0.17989657478213147,0.09633628586020379,0.3289720971142535,0.14898146805720955,0.08689432734870227,0.23445378296967545,0.13410204185731495,0.08504161982852346,0.21948971304565634,0.17929523812292153,0.08463874130902851,0.24489619278950783,0.23520011185077322,0.1314534922436471,0.42942637415803836,0.14814497118782838,0.10072625699311459,0.2575424408652082
82,0.1517341494188772,0.07547450432506438,0.2620374991686253,0.11051357930368698,0.0593011821947999,0.20574042044941973,0.1895768283117481,0.1029076947970992,0.37694511361549093,0.16137188234050737,0.09614576846213797,0.2505676679906497,0.1758721488322993,0.09822882289169259,0.2500449419758003,0.15248315257240133,0.10649543951890707,0.2566564817627096,0.2641588237540946,0.18143449234983677,0.37587896393366205,0.1461275051423538,0.08531804420489268,0.24716937307378445
83,0.17355891548578004,0.09317555029001853,0.2652597432115973,0.13430363708936116,0.06574375612985366,0.214679401962854,0.2240944535414522,0.09545946225892502,0.31066392128553283,0.13461814956778673,0.07551429572053651,0.2861089580843178,0.15249568167142097,0.07312417632358982,0.2791147177110226,0.17540264396389896,0.10241698186114136,0.2986949471152115,0.20540355379447867,0.11807693291976559,0.3879855063507177,0.12629901247211717,0.07507456895521245,0.22803828719322866
84,0.16848697457462006,0.10564822841086205,0.23532579706796097,0.12779566543296567,0.07423383183742681,0.22185372828974195,0.16595953231411187,0.08732984748896336,0.3748612103748437,0.19262747747193087,0.10059810260724371,0.29062586319429556,0.16529813524496384,0.07333091452653859,0.27936879726218106,0.1634260560184983,0.09449614936799682,0.2764530455357626,0.22984803742660495,0.12355285878473017,0.34054945990805907,0.1856625442874857,0.0858248838972769,0.26646487129974
85,0.15528189881255938,0.0889730705898199,0.2609687761760281,0.15071499587429976,0.10106566269437563,0.2136408948240972,0.20267063255180254,0.10323543103233389,0.3569103949605756,0.14650616512955653,0.07236356026658353,0.24865913169418674,0.14312342956035234,0.07612119160755484,0.24091877409973075,0.1823935941576191,0.08497022045047335,0.32266440661480655,0.2403498890941801,0.11673491946270256,0.4113857763871355,0.17375987115771224,0.07828215259518453,0.26816299040612906
86,0.17519422424083858,0.09667389454003783,0.28299669060242794,0.13683156026258922,0.08364634218613685,0.21423778984530253,0.20378344063947224,0.12357020587116532,0.3407115122682677,0.16055155074111,0.08430903617186837,0.2540160022605642,0.1592656432537266,0.07780431195928882,0.25577203495814593,0.15492745644223696,0.08062609622040222,0.28002345591513733,0.2344228742773945,0.11669036003649035,0.4279386074497514,0.16364115442259985,0.0822381646624638,0.26067538256650796
87,0.1332652387326313,0.07423336617801855,0.2266351139250902,0.14006334878590868,0.07495526016700745,0.22767172468693045,0.24175994391234273,0.1400086514597247,0.34143402745471546,0.17464491482882022,0.1069394701158906,0.2862211834260081,0.17314848729240206,0.11671993995610315,0.2808932262627375,0.19269596861316796,0.10443920514981062,0.35796008773167276,0.22569368935093811,0.17074825245885394,0.33054625407922056,0.1772390423460325,0.10842728117241988,0.24034943759335853
88,0.15093400815639693,0.07530839589318726,0.24308718389108613,0.12182687238984773,0.0766978709031852,0.2046300258529278,0.1981652715270284,0.11887358721500693,0.2963404044345382,0.16035650478220967,0.09437412155489001,0.2525645798513186,0.16505404084243308,0.09894607824645985,0.2631671385686423,0.17573045681161145,0.08269590337925216,0.28305454965680316,0.19081211860164088,0.10543249690878449,0.35509841231214345,0.13971621969202153,0.0923945083139813,0.23094810256930054
89,0.147586812788785,0.08806562310376902,0.22578715391131407,0.11894019776459075,0.06929983348442599,0.21645463700023843,0.22599955832284876,0.12477282607140702,0.38003440126560345,0.1479884707946582,0.09257168998036339,0.2928288497386089,0.16467031616807984,0.09300193995401529,0.28004438008064,0.20008159020433816,0.11635895564488988,0.3388588402237122,0.2635786348407072,0.1533607789389345,0.44769028642038666,0.1670584323542939,0.08310757928812151,0.25248077975059896
90,0.20822987266843565,0.10649621488634554,0.3213024677791516,0.1400153299713334,0.0828093899994892,0.24230840601772555,0.21338226536620866,0.10986910273955,0.33806269241819314,0.16822581314003748,0.09039728831189413,0.3009694684658006,0.1791912962459041,0.0973228518848687,0.2865497385232328,0.1833114887788514,0.10063322399229747,0.2983757608875281,0.29591059570128897,0.14534979719445137,0.45501898829743875,0.1472945112852625,0.0927576176568595,0.24406332222762833
91,0.18971888855411512,0.10674133874403476,0.28392264573213954,0.1422235788999866,0.08799714601333587,0.18757768854752024,0.24838455269625825,0.12696902328636075,0.3878396536067754,0.17399081719694942,0.11359110878680996,0.3009630300189623,0.17976564469869352,0.11979485016024861,0.30447296088706544,0.22936867224888055,0.13496209857022395,0.3710353659079735,0.25295519996031285,0.16887324524097652,0.43808763830280434,0.1664410183869024,0.10107871711814027,0.2457796892282026
92,0.17503315090804455,0.09907389315175888,0.2730616011598065,0.15122166239203583,0.07482261988374449,0.23521843704307285,0.2214054088947959,0.11228086700649378,0.3738226806701129,0.15469824826606157,0.081709141160148,0.24093027800663377,0.16447924263131486,0.08454870980338644,0.24546734545973914,0.21917872519084297,0.1404858955419707,0.32655682700495164,0.2849041849508346,0.14548426622705954,0.4573203199935159,0.15683816561210812,0.07758007353634501,0.2561113569265734
93,0.14513070856267257,0.08636464115821246,0.23525007143027157,0.12527859687321244,0.08109353703048261,0.18560361441414686,0.17526118747216787,0.10761677185793767,0.31111207920549855,0.1266737858854807,0.06725172325093691,0.21953473025246276,0.1365559752951776,0.06878880768926676,0.22669176720355078,0.177355610014036,0.060395097650566866,0.27194098441084186,0.2837567973683587,0.1594425728671349,0.4468514428465555,0.12647159950802334,0.06626821060367014,0.20599624016897092
94,0.17481560339508392,0.1008595756186345,0.27023558024499555,0.16047294003067852,0.08967204702532837,0.26278416835529905,0.23206608510948168,0.14242416768299665,0.36115323929927884,0.17807512928908625,0.10799315765493059,0.25902686955950005,0.17501047793513166,0.10308986873930603,0.25476830626157226,0.22940708861103365,0.12162819254513135,0.320167533722932,0.2650721858036088,0.1488374395344078,0.4438747049824604,0.16717921614064216,0.1058722292067007,0.25370581589500657
95,0.19255998297097385,0.09415137384754159,0.2880255378372083,0.16881456473930143,0.09954346579262327,0.24423077451513436,0.20948412587877224,0.12417035231332123,0.3498930834729295,0.15574096307281882,0.10335565506259936,0.24636952116620783,0.16003772305852487,0.10843362297405923,0.2608303410611988,0.2190479356895153,0.1158149458238008,0.3294670973701265,0.3218091405750917,0.18314394699215458,0.44858550793185,0.13665577578995933,0.0829807538716105,0.2321698059786986
96,0.13955404929603243,0.07368325255360975,0.29204792578720984,0.16033217749368206,0.10314728749177339,0.27258186275224194,0.2442977306891916,0.15795897150801205,0.3640574758667193,0.1766184464136657,0.09577626707481465,0.27512320925282224,0.17351841668282647,0.08583049751985418,0.2681612846876854,0.22234011393841516,0.11795798963131225,0.330571299029298,0.29142764367724316,0.17117259645537322,0.42187843723015317,0.17541222611249546,0.08284577077347426,0.25759201267323284
97,0.14801583452784076,0.08392883028884994,0.2627033235137377,0.14251338780908596,0.0642580638260941,0.19708387741434094,0.23895830535797263,0.13592752318206844,0.3150968185107552,0.1675518537900823,0.10283124273822039,0.24012204069601267,0.17993596229775832,0.10417756249739213,0.2429766052830318,0.20730655845090906,0.11412491029319229,0.34745705828853124,0.2694882388701495,0.14692148855262419,0.39845298384638445,0.1890727279806561,0.09748916989301144,0.2616359523549749
98,0.14127366749250928,0.08882645439685123,0.237334990363744,0.14663159944119095,0.06934487051620505,0.2635427344456503,0.2074635263027345,0.12131705398629136,0.2901317326491399,0.17934869960976613,0.09675926737965686,0.2453614579054766,0.18945795236508384,0.09458518794239712,0.2508011276349943,0.2073506491528152,0.09711246969690589,0.29889588099165953,0.2520040109452877,0.15802915529716471,0.3973556300825728,0.1608196114013743,0.08246363442551115,0.262331553291361
99,0.17984083646836008,0.1154032407201144,0.2546913808554788,0.14679858808315044,0.08304458831586471,0.23801861372476124,0.18317665397829197,0.10191756436269747,0.3552909578330526,0.14579470395087674,0.09756569446743321,0.2419588361503265,0.1544091180490298,0.0851746527789892,0.25510440210926755,0.171865586248662,0.08363856118532771,0.28081917515046023,0.2613570533374576,0.11289456768919512,0.4434653227240042,0.14421952268254679,0.10084128443532953,0.2013082079857263
100,0.16939766377707013,0.09919704989343249,0.26648259176953576,0.13013855869954583,0.06569811791457798,0.19359362579564252,0.1829680385636393,0.0867704788230046,0.3805081072925282,0.14108951773342024,0.08894073370151362,0.2411332030867039,0.1620698098935776,0.08914316718972591,0.25662608087853334,0.1793681997928453,0.1092807498016649,0.3299324826865715,0.23556225299263295,0.1352445505903213,0.46419684640138426,0.13293699654943034,0.08891953443440459,0.20068926692415978
101,0.13509401988457503,0.0715879325360072,0.2543497760706514,0.13478812319957684,0.0910286913430556,0.21331458315622057,0.22157220005849199,0.11735625338844916,0.3932514257145958,0.15765613165982117,0.08537319034395707,0.24826446665446544,0.15313973673494846,0.0846913572184616,0.2612364024105675,0.19121852708856502,0.12682574834555943,0.3098442085471512,0.2397859113115156,0.10882604742793225,0.44223050691145593,0.13042269970324655,0.07502415074407495,0.1924700716156191
102,0.4234199206997896,0.29213026782453166,0.6885788437382062,0.47601288749904536,0.26432938069347445,0.7411485918260661,0.4651264699107104,0.29561411400213916,0.7112464237141958,0.4766240883807788,0.29604599048481517,0.7006121310140508,0.4833572997290214,0.2635901080008898,0.7409761768283952,0.4971035463259205,0.2923878640665902,0.7633243743904012,0.4931138789033581,0.22565470833603912,0.7724478158048558,0.49712413879447226,0.2649716710943413,0.773129817398939
103,0.8417327989772865,0.47830548015537494,1.4781604218182192,0.755299362025557,0.498851561180259,1.3079237780154989,0.8739095302051456,0.4904148133576621,1.4477719473805193,0.780260359204692,0.4732545491918028,1.242060462072017,0.7898638272496261,0.4681871056154094,1.2465868268333653,0.783725587991257,0.4479939537357376,1.3146057690009696,0.9959735497647436,0.5435888323700683,1.464899880651681,0.7725072048883885,0.436036733589263,1.2685215707181132
104,1.0171333407747065,0.5902298005539927,1.8560233665285608,0.9564283667101957,0.46727518331127155,1.4948944863827993,1.1663498506808665,0.6574880576301956,1.6192239558409058,0.9871755745582222,0.5897358193499783,1.474338165983599,1.0174916129439213,0.5983197669993521,1.4668418660225335,1.1430223851836796,0.5612738726478016,1.5437293537622232,1.1677650461953775,0.5310354303411339,1.802421754475368,1.0068029811598767,0.6722176223959847,1.602869794330322
105,1.088582329447087,0.6314010579177309,2.0138448720698174,0.7776262530502416,0.5593873189862731,1.325882325195117,1.008215471934189,0.5658138395742298,1.5360701796514498,0.9747744400189112,0.5121502012541294,1.4819753720450883,0.9793868776895582,0.5169142430773392,1.4983547390040344,1.1991905153100857,0.556428393573673,1.6648814284073283,1.3146654876628463,0.6216055595189975,2.229895600816848,0.909883054237296,0.5639916788657483,1.4455422794981032
106,1.031077528899702,0.6242007831693646,1.8810096845192952,0.791962402521489,0.541355540784194,1.332390651346775,1.192145527314647,0.7567801659636637,2.001752329534914,0.9649894268907752,0.6064113681888973,1.5697168222234166,0.9822582316642517,0.5886964472822069,1.5563623313118282,1.0143179702701381,0.6709971916475003,1.5787863500968908,1.2332036157008943,0.7632909931772671,2.229164083869738,0.9114211153634374,0.5883656993672607,1.4595595125586998
107,1.1517863784883065,0.5659797993921857,1.7573937328347413,0.8255754792656935,0.42114071572628786,1.2998843707256718,1.2600056000146793,0.66649233286147,2.2445205487375004,0.8554743202536221,0.5339870731118446,1.364172701830851,0.8638879438761524,0.5385151488193479,1.402512568624527,1.067352024393108,0.586269813083006,1.7112524814951549,1.3903396261065804,0.8165184637265794,2.283976381271083,0.8387587131004407,0.4402893494847427,1.3221281070170767
108,1.1180400275101943,0.7274766262391241,1.8934731232333677,0.696205048514074,0.44938148744260326,1.3752896866907691,1.062299956366191,0.5474621576050193,1.9243106805236898,0.9118801776034662,0.5463656719010604,1.5153844251485793,0.9182921584435697,0.5846145577215592,1.4078154220816457,1.1417368248779187,0.6294173802131933,1.9241885102677854,1.5347553088819956,0.7078265998182742,2.8481451538709956,0.814005234656096,0.5064602749584108,1.342614244901004
109,1.5145380017602168,0.777129439322267,2.2493300991876684,0.7976417156602009,0.45752653865679654,1.219712339459318,1.2428106988028993,0.7546520973509484,2.082155185935398,0.8535391903949006,0.48003341105808867,1.6509909380908228,0.8829457378004372,0.4656889685492723,1.7489144217242831,1.169792127392841,0.6081620905171935,2.160660629707781,1.7365680191342285,0.9050686026399463,3.25349650341303,0.9457244744635478,0.6215628591659723,1.2971915429473568
110,1.5299964921516715,0.7697480109662783,2.6821440447115923,1.106315017280138,0.5510190808520045,1.7099600709437257,1.1437331447856145,0.6905097194483916,2.111698229211627,1.09205103405742,0.7918446251124223,1.8502347834587707,1.0901715361103532,0.6994726828705763,1.914138734944276,1.3444097569055358,0.8359537276367175,2.277036642647457,1.6267833292809255,1.0620350508068794,2.8112560868288474,1.1463619962762697,0.6871158466832402,1.7221028966533691
111,2.0510537337445895,1.2235740805800606,3.0383371291604413,1.2347605754428044,0.6423290568748797,1.6585951280715963,1.2569934558218967,0.68839753665064,2.126186274549351,1.1202920428220873,0.6574592715962108,1.7871746875060983,1.0763281012792318,0.7773781840461133,1.9861653027256432,1.3717997221435239,0.7422010738720023,1.8608291542130435,1.665710354534427,0.9842020595919121,3.104620547726684,1.2777014767624582,0.8926219832634548,1.9616490661980988
112,1.7124033466626445,1.138233988365385,2.6289315311730426,0.8689425016137804,0.4025517951879513,1.5117921066461422,1.3106687431656556,0.6763368848983413,2.3634123479201397,1.2876410365027802,0.5587588434525159,1.84003431773442,1.2287302787737628,0.6573107691946124,1.884132768157933,1.4395584804906272,0.8988161811640054,2.2699019291241163,1.7466180138907363,1.106186401343068,2.9085129876509934,1.1010872748230054,0.6404992365484137,1.7028778272807097
113,1.6078727309952203,0.6928025330147705,3.02996627432112,0.8616788802156579,0.4397456076871531,1.3070104054420408,1.5436589771450313,0.8315962764321981,2.362903554734551,1.2102890196727498,0.7000432293121648,1.7828902301595975,1.220657462923794,0.6661973174088524,1.6934095010502905,1.5232732630858974,0.7703888688862198,2.1343208197703256,2.120392772504685,1.4497440259107612,3.4527906351684723,1.0952539421276293,0.561518790398362,1.7788538951586144
114,1.670552752207042,1.0685209578968389,2.5140962255460297,0.904186878595499,0.5138716752141723,1.4086978954789207,1.2299939355925407,0.7350341321203417,1.9544604830207732,1.0131794368306253,0.6393090940761975,1.5339286256045872,1.0415137486837505,0.7332457284322494,1.8856406212206882,1.439141796103438,0.6900273167601559,2.275773768646274,1.828420866648755,1.009003770897751,3.2449995594034173,1.023046673164533,0.6145175971513199,1.7026987721387155
115,1.5758789809694953,0.8602919570902401,2.7242393963809737,0.6887908103622067,0.3565176001469167,1.373991824764712,1.2827456901764998,0.7008776816634021,1.977077666123715,0.8675383771731412,0.56779034096492,1.5405500872117275,1.011006958980059,0.5813478713877386,1.5084874663437449,1.1533445638557451,0.6477728147285085,1.870135867286792,1.8647963771406264,1.1350265822162353,2.823485515113451,0.9239397855362599,0.58757451529357,1.364896237562813
116,1.6717009543781596,0.820150624340144,2.672774102807178,0.8442897855131712,0.4956614968464948,1.4526943839236508,1.5248849683455785,0.8379491033922664,2.4080402415153817,0.8248393094769222,0.5082048107624677,1.3465452711500467,1.05883677829244,0.570621932041213,1.533470370369411,1.1701913316783452,0.7185679751958294,2.083745779703796,1.7187325366704205,0.9707289545929498,3.0903879468908397,1.00073190378511,0.6911781054667826,1.5596218030771514
117,1.755438914747637,0.9582550195047094,2.458405611098045,0.9116676118621895,0.5243447653182878,1.432961651580069,1.6291909424436621,0.8786896820903894,2.4214289512028904,1.1553031372912812,0.649474176978931,1.8142261899684529,1.110913785223713,0.5562416303082479,1.9202206692646258,1.4438285256183243,0.7938432286409796,2.033526493260334,1.488285636421335,0.8673681666328092,2.5413066104540327,1.1009572930460205,0.5726044345833899,1.760983446791555
118,1.7421880838443256,0.8025321991102545,2.6777799196522674,0.6577425227856399,0.4235647661256723,1.1452872359183288,1.444195563003447,0.881271818303157,2.1990294923886102,1.0950287726406813,0.5812462617373054,1.6791468376325542,0.9689296771192659,0.5815980630857941,1.570988846031814,1.2176360044890362,0.5737900972815633,2.0176437592650704,1.6689075367596855,0.7684699374369977,2.595981172035177,0.9416305255794891,0.5453593102644628,1.398220265046748
119,1.4185264016538528,0.8923348527330529,2.2598289216762817,0.6951691387226828,0.3528685862877419,1.1847855058658592,1.2980505326028382,0.7889295156672029,2.2386362097290453,0.9309982960995288,0.44754106608284294,1.4198186171480929,0.8542010515751195,0.4493630551845635,1.4752450410541003,1.4165133368878116,0.9658562278072876,2.0234537357832085,2.1410987902540306,1.1815957429012343,3.408254273410553,0.9137184353581352,0.5463824034140281,1.4409830005377364
120,1.3708922435600404,0.6935264305788987,2.21752664615589,0.6398370440350392,0.391785286354356,1.2608857226209558,1.517766363257584,0.9978726603498225,2.6122251412874786,0.9376210112240461,0.5849554185189523,1.3178253986436577,0.9674383144169707,0.6115343303034778,1.4607230175414938,1.0715035927004548,0.5430350862971268,1.8188353085636444,1.758006999110893,1.072911753624282,2.852799297212597,0.7969286566864089,0.4160949388469032,1.3061114604412136
121,1.2739175793632465,0.827589513065311,1.9639146209604255,0.7263734226269287,0.40605648338916767,1.046919597323804,1.179943058907299,0.7357890790489733,2.0193937576648633,0.9792450793000199,0.5595007930578171,1.457884595102444,0.9450627492613972,0.5552329056880848,1.375136276866422,1.0506586051363493,0.5930410820504809,1.7698368139429355,1.689825094823189,0.9913102481727648,2.958581623052238,0.9600733023831367,0.4939872920009196,1.500146628805879
122,1.2895284796359285,0.7106659278718059,2.0482054213144414,0.6733920914503723,0.42060650685018774,1.0721389782207784,1.304235645998904,0.5828595842403382,2.0447724815013175,0.8414994253082262,0.45030693443239295,1.4326226512628648,0.7795403512076735,0.4620714269366675,1.5241175613763773,1.1290015727784926,0.6903668587851991,1.905122766814082,1.428160748922501,0.8624493764066077,2.365224560098342,0.9823277555443519,0.5859689351285287,1.4887067868499446
123,0.9483553405523362,0.5593573370661229,1.6223726007585642,0.5538233045202203,0.3476317997362303,0.8475326747615949,1.438493233228701,0.7504153229987658,2.1824141123504086,1.0852896596243773,0.5222266735952118,1.560053806908041,0.8662138827098558,0.3816910912264836,1.5619348119004333,0.826101659865656,0.4452498551390962,1.6912020693810843,1.8549125088024905,0.8631340803360159,2.98497163506155,0.916415574691785,0.5397123030337452,1.5181604951686904
124,1.2106664840059258,0.5500612042074182,1.8170826254358283,0.7170595209412692,0.4134890971157772,1.239457745291272,1.1076497202321578,0.7011842856935843,1.8107793415434792,0.8908813586297414,0.47263631140971396,1.418789542452703,0.8145934809311999,0.5027844216658067,1.4964751703463899,1.1762305585617443,0.7713887840296919,1.7248908309684026,1.7297021137011273,0.8780180703073076,3.403113058529591,0.9809056411240125,0.6515152547061971,1.4236230877920666
125,1.3137450700435847,0.8688412706180639,2.147979511483816,0.6912237438054707,0.4473879571899734,1.1389400841673827,1.1078765933905053,0.6200042369419246,1.6614631504735946,0.8129027672870104,0.4243531792217231,1.3596672021842364,0.8416916035410122,0.42802587464390274,1.351895042498799,1.0937161479110686,0.57201794195391,1.6824881317676097,1.507917430255399,0.7916909503789811,2.732830993261748,0.8669144407321765,0.48701854742799383,1.227441825083344
126,1.4465696328460305,0.6594277926713854,2.3432540965814983,0.7310830493627276,0.3333726193320213,1.131194741981844,1.1061887805872492,0.5844349140848442,1.7534624637599963,1.0363341451684545,0.5998693328169376,1.5817735733810068,0.9928161815381913,0.6647307441119333,1.7466237255653732,1.350995236824589,0.5247124705539223,1.9770238630324009,1.2541182745642967,0.7732427741615108,2.37457320255209,0.9011006485904979,0.5994830879705988,1.397923279693741
127,1.6392283014748985,0.7928550274209056,2.776538260512157,0.5701880894040614,0.2905381972391652,1.1740738387946943,1.2837355210735162,0.7590370644916816,1.7928953667204017,0.8748131850519268,0.4088383789528546,1.3387524127581658,0.93216600680285,0.4474980131782921,1.4897514213448757,0.9708551250722186,0.4493322652283596,1.7706622566558496,1.1019599421217545,0.5890369708390434,2.323566771560717,0.8718334675120476,0.5028212866684486,1.5106390020250955
128,1.8254478778901644,0.8013018044353781,2.674442215243783,0.8370331874702959,0.6028210886901317,1.3674271822939923,1.066459063098454,0.47797105563012915,2.242864024830161,0.8412493609771428,0.4845454764638124,1.3641803726836315,0.9735544867174347,0.5069022389635781,1.552040819579528,1.09933635173775,0.6077609941656861,1.8491198780529081,1.6496416196794517,0.7831029008448033,2.6578308088316605,0.8869843339712427,0.48211358717680747,1.3148153459581489
129,1.714439520219424,1.063959895685539,2.539821184862865,0.852874262390983,0.524297604914559,1.4545572094284922,1.3464761779254764,0.8221777140361757,2.0283758666448484,0.8849865824508745,0.42760125603416976,1.2593887715882668,1.0237028467093872,0.5777316425865885,1.4256012707134418,1.2851703975874091,0.7398738384861235,1.7702858854406947,1.4700685096533481,0.8353042874638076,2.541940645595128,0.8599376153368854,0.45293558907098075,1.3598024083313194
130,1.789700321173964,1.0830637842712538,2.5786206260284805,0.8364365455322358,0.3553294353649671,1.2950171407664997,1.3670703641412385,0.7607103545661843,2.000799675821643,1.0303364794887089,0.6034218231595876,1.5124165759539394,0.964883675421869,0.4886201773094613,1.6483736652881587,1.0506310950953153,0.6588665762072627,2.047606321745015,1.522422215460313,0.978798083935089,2.3566341248925595,1.0275643955437228,0.6358234678158128,1.366776494075446
131,1.5388750223651315,0.6918841706724747,2.503152973844933,0.6248897008553531,0.4311162138331291,1.054645283752886,1.1046110397635664,0.5275910736016965,1.6973910287311307,0.9289339860407047,0.48204520960674585,1.4214056434064906,1.0039602892550146,0.5216500151392686,1.5651394139872123,1.1824453373023869,0.6842868396818867,2.0229551506175385,1.719562639273334,1.0013016617441246,2.5298820562029447,0.9114466055770694,0.48653028588344305,1.5273455632891997
132,1.7380136259760965,0.9906334537607764,2.7643864093997395,0.6097185858524814,0.41770687576026766,1.152127480698305,1.149881327050697,0.6494392053189145,1.8045777054068743,1.0478440566626999,0.48224196017600757,1.70646391841698,1.11239638362162,0.5261732106463545,1.7371418832428926,1.0312315618061443,0.5682971301904203,1.8279872630329246,1.5840260594597444,0.9674579836207533,2.672444828291071,0.9741312782418525,0.5214665502028556,1.3780739263116497
133,1.5674689312000623,0.8540203784349853,2.1777396201372485,0.6293178003130344,0.3700586647021643,1.0021493336250555,1.1240845221421358,0.6579016581867263,1.6238893035399793,0.9219125152130561,0.5478573153757168,1.368160562430708,0.9055870437803646,0.5309024934301187,1.351840260128062,1.2312441884675356,0.6357068431248278,1.84584746025911,1.4987797452389415,0.7410978197034227,2.254846212702689,0.7542233316943335,0.3515120690770821,1.3846038643011742
134,1.2511265420385398,0.6763822071020634,2.4159485472652054,0.6974590222562712,0.33855760762333387,1.3329715307316787,1.1962511603381372,0.6882116525770999,1.7372942437284753,0.7383930486035908,0.41418989925433014,1.4557596032155156,0.8451145017031079,0.4199671927013481,1.5018493123095709,1.0899011736266406,0.6075565711267451,1.7835739011656768,1.2943452088522824,0.6508832421955438,2.298418334962149,0.9151844526150075,0.5035901071729999,1.4615263367980182
135,1.3825733027030247,0.7149984057093448,2.6476897268056927,0.6623726952738334,0.3874872825279312,1.069902381535063,1.0463724853017813,0.6638132843674753,2.2208678823878083,0.7523720273928944,0.4897177217618896,1.3668445396766715,0.9151331175617348,0.5614693770448338,1.4447804403307287,0.9156638696626437,0.5620132911838644,1.4195940112557315,1.3604461264578145,0.7370754691569258,2.374181586944536,0.9590164141228714,0.5318777637855382,1.5677031908093075
136,1.694408928025407,1.0127806545439901,2.4753989690957634,0.7673955733739295,0.5092766198703184,1.1767771464853962,1.237319892071705,0.860139131298662,1.8691865654204602,1.0795518129723192,0.5311080276400032,1.615785321762585,1.0341956168475908,0.6076398057100183,1.6567903726748725,0.9012684668428953,0.543822966401016,1.8785643186121155,1.4397152500100492,0.6575817214334305,2.4864542304747266,0.8730475819505381,0.5220789585882551,1.4254608881584594
137,1.634530533549023,0.9458415318744015,2.715601993718571,0.6769821761933373,0.38507274935477087,1.208055139110899,1.508856816555105,0.9263044714709284,2.1986476384432794,1.0593570395052418,0.5810358446788003,1.46107436432748,0.9425822055849902,0.48383854379998603,1.576015147789699,1.1306359376866113,0.6622230064910771,1.9048341762159828,1.4947417916480623,0.734692627795241,2.7010726384673953,0.919474942750772,0.6274838648674006,1.400729639297049
138,1.477295160537291,0.766382913492339,1.9345560865458329,0.7854408662543384,0.4554714879072381,1.2511326091601596,1.2163973508163486,0.6487525280504911,1.785186955882648,0.8817496932037845,0.4464032010180232,1.5758787107866516,0.890848322782964,0.43686251718926333,1.6374635157910042,1.0874861939274623,0.6001317635512702,1.5605376042430121,1.2915848953651397,0.6466260085836397,1.7980230005640478,0.817649300467949,0.3807243955499544,1.3719177624661563
139,1.8546038183772127,0.9603280582869581,2.911102662736929,0.7874950634694837,0.3888614336069759,1.3078063882837516,1.2778867499931545,0.6782220205452795,2.212230854711385,0.9250023926648215,0.5478655546055468,1.2973761330752294,0.9002908340880534,0.5740862382368292,1.4416632396042666,1.2781941818551774,0.615381730206192,1.7843601618220941,1.6183244973710873,0.9307370205124685,2.2350147135380145,0.9260347968324585,0.5595069086524406,1.4435746268042744
140,1.6722433309627616,1.0681706450087873,2.6809979205918224,0.6168862616806128,0.27210769453920125,1.0714900692331588,0.9619057233802113,0.5267755569225633,1.625084211640498,0.6982303078569712,0.3533685654503191,1.2388653985754605,0.7475736998816517,0.4248311937429107,1.4464249764069892,0.8419107684533454,0.49712533658966707,1.562625322897288,1.1932972160141992,0.7985160757086651,2.398369873318519,0.8914846514892911,0.5005775855074391,1.4746162980473312
141,1.6047330149439056,1.0400252084561046,2.629166873707098,0.6685516350983116,0.4335961876242903,1.1683852397019043,1.1105431882899715,0.6318921811995531,1.9311801078660886,0.9419427582774125,0.4556119849000147,1.4521804907017568,0.9572681696272365,0.605424660277706,1.46326578323988,1.011316099249267,0.7018998265448577,1.6162224625381398,1.1748687670198539,0.5725424381741895,1.8591152277801508,0.811335659115135,0.4339002579776843,1.443036792729492
142,1.5044883444815906,0.8537040237672384,2.9049810184203158,0.8637909446456411,0.5480521394389021,1.269678732537707,1.451390508430249,0.7473040555098921,2.1359870677506065,1.1269571751523997,0.6675808691266245,1.6929762310960912,1.0300323427106284,0.6817497832238352,1.5624647397817892,1.1443888382374683,0.7441011894415792,1.7134967986377192,1.4808090580512674,0.8503316512646742,2.436185668435248,1.2432207607024917,0.6619633165932353,1.7449149708231262
143,1.5729575643295817,1.0418136682400336,2.6323563857044667,0.8672491634408397,0.5650737028654124,1.4359921189842904,1.1621611270674008,0.7057840759244083,1.9716673514551135,1.012015401818471,0.5698627162756804,1.430683956247292,1.1553605079688538,0.6268422106018041,1.5522860421430995,0.968763198303952,0.435707554064851,1.5051154120618666,1.1286785499769363,0.6295171107642812,1.789319679764816,0.9525844182034491,0.5779979227616822,1.6173021694007943
144,1.6222712615562331,0.9782360222165046,2.828912230951699,0.7221170058823652,0.4349747938958574,1.2585528063302331,1.3136383070288256,0.633654410493055,2.2555405536464197,0.9802820543615686,0.5056009804734944,1.7451013198000396,1.12581358922563,0.5130360726351223,1.6164662169577146,1.099753750578654,0.6457150982621431,1.796816370272858,1.5792950012318117,0.7146427141037793,2.0809613108556437,0.8352689750136371,0.4938231104822071,1.4163736133362466
145,1.4911118663526088,0.7206888975401695,2.5614864543085463,0.6992791089412941,0.37570335781202463,1.066083229372994,1.1134519607237374,0.5643854126207688,1.6446789475789212,1.0628629823454125,0.608396848210699,1.4950433624420763,0.9350247597275,0.5362692189318555,1.3396830475083261,1.1431864807481658,0.7417416254857196,1.7932216071301539,1.37116228497278,0.788480952327475,2.361996143551053,1.0180758564853591,0.5350348356874594,1.6087215324533612
146,1.6309807168567612,0.9288613170812979,2.8147430270817946,0.6999420487718682,0.40090499146703185,1.1794139308059333,1.2204814403749573,0.855345774874012,1.9241713097154187,1.0033071597833711,0.6198414290824754,1.3422101450462949,1.1396337183633918,0.7080371677718664,1.4677068873390249,1.1777741034748976,0.8317312902233445,1.7142242036631885,1.3726284754412887,0.789376284482883,2.058461517094473,0.8607885018733787,0.5179287005589245,1.4504466505393652
147,1.6695809958395549,0.791730825756227,2.317496926922793,0.8186145332215484,0.4363632463689262,1.332493236613945,1.1773107663662912,0.7050558958885924,1.9760229317791769,0.7294570693842585,0.5177671996577092,1.519116885795996,1.0047421074793221,0.6702538316046005,1.6028526110040158,1.091349219131194,0.6242922388544357,1.672863346018591,1.2131712885448895,0.7133403305844987,2.0308293494801024,0.8710013014108676,0.5116908903240133,1.3595570342670995
148,1.3987721639488795,0.9495329390020264,2.2728661531223895,0.5820679540874404,0.3469521920105121,0.9998982892591745,1.0794433708698565,0.6591722059428817,2.063979485100782,1.1376045499015488,0.6597193069736995,1.5663886340708297,1.075855013115447,0.6370267269441501,1.5433682496852212,0.939814182523474,0.6046471832213515,1.4677961782448758,1.1480873805683272,0.6387819191828517,2.0040014061669877,0.7267036097535052,0.47482466350562336,1.5462490137153864
149,1.6126866489129386,0.9006018275518164,2.48123550507205,0.651005713015345,0.4049478045528456,1.2394295244358084,1.3561567350981185,0.6680499540932744,1.9303124706143422,0.8886203380018045,0.5514359269291987,1.4244404193821762,0.7137094489254906,0.35997574916718494,1.3749895527160692,0.98345131777244,0.44109934052225636,1.545048514987345,1.392397662143453,0.6800267986859563,2.3236201841928517,0.9729704028328341,0.5131110921373392,1.4935805857265254
150,1.3586867269560154,0.7828176180212124,2.4838219070523166,0.7312675508381017,0.4292265173883289,1.177553401559602,1.0705790417100018,0.6138826542377962,1.7130473421342864,1.0475622953808248,0.6456433706903913,1.6002356300111746,1.1206546869380287,0.620556192142363,1.8626140297430485,1.281510524663477,0.7988772610451251,1.8616158546941823,1.1497333447115394,0.6286957731231535,2.2870383511215406,0.9019540479010542,0.5233279383660622,1.4562993850041321
151,1.4215818650086738,0.7574316312284223,2.4283693473616026,0.6881885095962155,0.3827163683369117,1.0914698390467854,0.9287267975669109,0.47646080357185167,1.7376644161756045,0.8410909433508458,0.5672201151446492,1.3587184563154293,0.8616160561558944,0.5912473811449394,1.3746410404956313,0.8763429591883594,0.5058069189454206,1.626610804406873,1.3083206252724087,0.7615859196062362,1.8760269925482271,0.8863664720450477,0.5880273058927299,1.5828096723439251
152,1.4027697456580144,0.8644675896083244,2.4270431818686067,0.6313773732339572,0.3013857638235085,1.039708367439302,1.2158129828511197,0.7166522080773464,1.885827363227998,1.1117337264086569,0.732557356320587,1.7526050887960303,1.1468276672038986,0.7187724144645938,1.4630620374802115,1.1301235698971492,0.7515322212534484,1.896158566500069,1.3380822270824198,0.8082466927669819,2.085015174754846,0.9822529315590007,0.6828660602914254,1.5143093875396998
153,1.589213565976829,0.9040005646806886,2.4791800249657556,0.6582096054244633,0.39933260318831915,1.0777493119876214,0.9861208739241281,0.6203189495273923,1.971186735368562,0.901638589636308,0.4245465471227225,1.4278358230913029,0.9003266902493108,0.5549145908873069,1.5902214841013322,1.2206738250630864,0.765645483689704,1.9156901109375681,1.5433964167770728,0.793480301216648,2.266678608896944,0.9784545594427008,0.5485638974141003,1.422308027684718
154,1.5085229220011676,0.8645442361012414,2.411808244264662,0.7686035403882849,0.34022172889231034,1.127184358065938,1.118742018234948,0.6243898313199423,1.8746228246963192,0.9769025299936498,0.49067892824116627,1.6407629688965766,1.0402583311764857,0.519772418070529,1.7147512495254584,0.9872202365110406,0.5361164586474988,1.8265839438422198,1.2815905008549966,0.6718426852957325,2.590259865185653,0.9764412837974531,0.5652773899756949,1.7656824151349917
155,1.4251430751633685,0.86128406297618,2.6841838195883527,0.7354287214934807,0.40371093030849986,1.2131674461754933,1.2634450186342963,0.6033659591667657,1.932486278554292,1.0321437451821203,0.5071003749735868,1.7986347629858763,1.0675831088830625,0.5684886925186954,1.5093953020210262,1.2086451081649388,0.6410906685768862,2.1370372506240223,1.5533401689717676,0.727221320895244,2.4134137730227763,0.937371280672099,0.6062081089405925,1.5807775759159164
156,1.6662120050381843,0.7822938725444295,2.543022325337719,0.6858249093229861,0.37922481243446154,1.0634550115789811,0.8947884153302688,0.4731685039291978,1.6832065894493191,1.0085420036071189,0.4804100755616927,1.7558299624640434,0.8977380395649088,0.43499604945046616,1.6406495565582806,0.9183745115901174,0.5624302143674119,1.476482873007417,1.2544445171565255,0.6412816491724788,2.1723407698719033,0.8465874513372991,0.5566393357814043,1.329812968317143
157,1.8651542903146776,0.9085716269155664,2.721094940879662,0.6956752132638239,0.3182277078599971,1.2209704878044165,1.1836828024351722,0.785968391344865,2.1419469588238016,0.9968471893681721,0.6157713200122329,1.703762290244917,0.9896833195121875,0.5976868068354774,1.7820886784506835,1.1195335227393013,0.6195389164160241,1.8495162984393032,1.4816466032007714,0.9168205464714638,2.17686330180347,1.126397638546866,0.7042325005425739,1.492693646960304
158,1.7796262551481492,1.0074948168608084,2.721967266121217,0.7941762134756759,0.48110817672990536,1.3243604937672095,1.324348954767699,0.7389561299544075,2.236170658810474,1.0769838351401604,0.6141396634301116,1.6442298674896882,0.9370041679495577,0.4221919046581431,1.689982284513257,1.0461645247534122,0.6395786427001793,1.6314578319466477,1.2692352352386282,0.9257715236365437,2.2001729289718015,0.9368744398626002,0.44401552394956434,1.4287516997229142
159,1.8626016777386123,0.8908190721167144,2.6114882294779003,0.904635379637614,0.6822433309705052,1.420724166571708,1.178180730993962,0.7502967818375542,1.972359367060026,1.1181492431745088,0.6599850335346569,1.704040698136401,1.1217276336678923,0.5867675342702576,1.612733655604493,1.1953323671463878,0.7443717698574817,1.7623956908440659,1.6240035230281182,0.792454824672947,2.338679926846882,1.062600734961941,0.7551618698002578,1.5599999098896513
160,1.311459620546675,0.6967235285070242,2.4478529819069115,0.8000744655798878,0.5148488727209821,1.137835254961659,1.194945655563301,0.7702595557559586,1.9811010178934736,0.9701662330287013,0.6440675769873324,1.4979825814279848,1.2085260088617884,0.755529433533738,1.7854682506487527,1.2788647075549142,0.6946845051261922,1.8631511159603045,1.3728128550001415,0.6937123927669171,2.415696055870803,0.8597947943398525,0.5123906526627204,1.4236807683873138
161,1.4132005210338476,0.9467303697883432,2.4243523567401404,0.9398153015784958,0.5087150738536904,1.444006952293238,1.2629762476116149,0.7583157474732991,2.009422009237921,0.9438888698236125,0.5344997520244881,1.7138934077405747,1.034621826373773,0.5936753402027448,1.794978312533929,1.0807458212073544,0.6076205461989866,1.9508833470878082,1.356056324653664,0.7185980259106276,2.017009503949295,0.8861498765190499,0.43328916393876693,1.3418557864951648
162,1.6617226054013108,1.0345912257741172,2.563293755204749,0.9332138928699998,0.4454458480873162,1.3466135070238647,1.2160877285121254,0.6822577637213897,1.8565583244243071,0.9605442062861479,0.5689835568455893,1.4533858063525116,1.0210715039384817,0.64006540736005,1.414178255034251,1.1311357898982124,0.6502390410050942,1.48909258547201,1.4387136351329177,0.536320253988693,1.987116722705995,0.9217789309017371,0.42253071714355833,1.4554191930589395
163,1.6603628071017678,1.0391369775465882,2.555037852185488,0.8048837832451443,0.35781960255312584,1.3976255720446138,1.299884375676675,0.5419261618237337,1.911498153668078,1.1561285476078527,0.6889072508335129,1.63475554799192,1.1452902752929517,0.5862296706176259,1.569909685843694,1.3019489999178893,0.7833214655235112,1.727104792238497,1.3572024280951944,0.7528096354539011,2.375000772065473,1.0596323646641284,0.678251940505988,1.5565268438207829
164,1.784627516651347,0.9621586939195397,2.5444660529900585,0.7621198899347144,0.44544556124359214,1.094753593944051,1.0474180548316716,0.5318681676099185,1.948940713957258,0.8600688467404943,0.4836593833049151,1.4556595881201915,0.8267241271354042,0.46186134197106554,1.453489267698019,1.1730647675267638,0.6373088222624795,1.8725014696385172,1.1484294575626377,0.6247885797014341,1.9070042198030608,0.8054556420261731,0.5596952617770907,1.3957019394446708
165,1.6419884066401773,1.1337940337043926,2.628854015510038,0.7284085803264979,0.4368741770081155,1.0886648487110837,1.044695740232028,0.6854646182545354,2.3078261908309265,0.8687534807761585,0.5063888083651951,1.5726910647275354,0.9786222780896444,0.5109153813281049,1.4962482606607301,0.9480885905103366,0.5128093576456962,1.5455533827208416,1.311633792900551,0.8441398060563327,2.2321084029922837,1.0435389643795718,0.5631222043590461,1.5272159940945473
166,1.6655946285607803,0.7260121698916746,2.749362003730972,0.641932339985306,0.3913327605548668,1.1273405702588257,1.384898516496576,0.6963574878891169,2.2648404556609982,0.9076312059690056,0.4273126549627405,1.3735387049872494,0.8752508828314693,0.5883501088875995,1.3698553096370216,1.1942534345924714,0.5092969314180328,1.8863395284216744,1.103696945924445,0.4929302112727653,2.004406483224939,0.9120877705924981,0.5892514336479645,1.3688573536720763
167,1.6874997593663936,0.8476077332639137,2.5186865334874238,0.6595839535911037,0.32959369581348996,1.2153313953149631,1.4795293908298128,0.733717465293295,2.3123053526583077,1.1615758764247501,0.6137998717278768,1.7248958939293684,1.1100157712573178,0.5929952717607788,1.8384064830950286,1.450767285946438,0.7141375583721101,2.1003872499145317,1.0743200904620065,0.5959037574734717,2.236258267433593,0.8312827776420998,0.39295163372904324,1.5015770219929196
168,1.3262394148240877,0.7214486475256221,2.2740936354621266,0.5722528447933727,0.2774943800944212,0.925101000467799,0.9725735797663319,0.5520007960376971,2.110081240880226,0.7670466369284331,0.3345792064202816,1.5101789749926728,0.7707768887015571,0.33547919616838445,1.5454397803817894,1.200790327149421,0.40523407790216054,1.7355108096334577,1.2665443968716612,0.7578569110584455,2.383331472967409,0.7784752507432211,0.38043581490833267,1.3740949923588441
169,1.1985529056690263,0.8856465711621583,2.282147569626505,0.7050005346787864,0.3445275422877084,1.2443367805387153,1.2628886856001327,0.7276476044510657,2.4182884401688534,0.9813145888602623,0.6113867458503017,1.6321041291634546,0.9719048397320593,0.4679021235903131,1.5199367732427838,1.1862289376782922,0.6803236761139196,2.1241301214791743,1.5238047855937529,0.9478268770328538,2.6151686504252245,1.0634030037446038,0.5112160782228423,1.5963065015820042
170,1.2947646654779408,0.7099810564718273,2.321571934472427,0.7872977887566333,0.4129977317583009,1.2441952044647169,1.2121996730134816,0.623753827464527,1.9927848610721852,0.7981159840684579,0.49567095828018315,1.4369841647986048,0.8697501813543058,0.45427220333785184,1.2640803379695247,1.013142445983918,0.5664182417493867,1.792342176380218,1.3540895876432046,0.6794015128670565,2.4978688584431317,0.8132536159076528,0.4867128474688844,1.291580367583411
171,1.4996337288181487,0.7750312060596404,2.4900929814319364,0.7083868152531461,0.3662484561053891,1.1499797242371075,1.1726641671839704,0.7193347373523924,1.9554204025078454,1.3343834847383165,0.6141301375156807,1.993894584969194,1.200439814585351,0.5770618875392947,1.8611781180384088,1.3417253453607851,0.7965944468244759,2.038053538376088,1.4536551848612878,0.9494577585176978,2.7619933525840588,1.0050647948370541,0.5995584512552268,1.4977592823491097
172,1.5859676268980725,1.0550143808419528,2.4094498089982945,0.8914627550725276,0.4862217522220767,1.4911364353537637,1.1403995531031441,0.6564081722815737,1.7600157900615705,1.0889348123778793,0.5793503637331308,1.7022727592997087,0.9567708357702942,0.4967270990011208,1.6176547858238466,0.9408470016227257,0.4718958095924544,1.8025358309328001,1.0710744577468096,0.583872530139097,1.7666755078416592,0.7597399910149508,0.5163082177959416,1.191313053918076
173,1.5587190761040117,0.8880104081756951,2.566361267962004,0.7594024375836348,0.36592597065802174,1.3061383521655865,1.1007284290042065,0.6280400779972786,1.8624419907798153,0.8971840869134917,0.5556182045657412,1.637503340624383,0.8958122731959285,0.5200271154781959,1.6897709265092196,0.90724854059967,0.627272763209668,1.6860142601474677,1.3857431039557246,0.6696750686466091,2.5579086202039734,0.7806488486362759,0.3688836670544689,1.2237492666414111
174,1.5506453341822906,1.0152825166752255,2.597985072405035,0.7385163352977486,0.4027490110302737,1.3444489180310522,1.009315472413332,0.6206047033269186,1.6176244817422027,1.05785362695308,0.5896288419794337,1.5394885316360378,1.0931891403289424,0.6839707752773441,1.4818849110086512,0.9631046581675258,0.612898301231904,1.770053433498144,1.323330728955653,0.8841764278205523,1.863436057364284,0.9235706065466192,0.5910909270456395,1.25684824804568
175,1.7430381663709231,0.9738893806958889,2.7641388216470335,0.947008780282108,0.3988157147172887,1.5875140745309237,1.0831454758344554,0.612606874929279,1.9636692680086438,1.1640183971461244,0.4096891959778709,2.007465095817093,1.1561136065877564,0.5930559198608569,1.643883467317198,0.9546766263307871,0.5313761218279041,1.8592185100573944,1.0754328753542113,0.7248348367598818,1.8964135758215908,0.8833735805200248,0.4450539049328848,1.5423111542078756
176,1.7889999030053216,0.958937718094492,3.025178283695699,0.8242763420596485,0.4656945642829082,1.1811812119663008,1.1842635261377645,0.6556709159037863,1.911458512020736,0.8811652602111275,0.46207337665596576,1.4701143572781064,1.1202960273979612,0.7057761602960088,1.6116516369983656,1.2619327872271167,0.6509023311719194,1.8787124904974755,1.3732739363430781,0.7681688032422704,2.246470516772453,1.0146495132296423,0.685783833261498,1.3616628303369704
177,1.6612972737547609,0.7880819826235814,3.002699271370991,0.7666256153646668,0.3955642925253684,1.3406721392441987,1.3780552138905278,0.7996053392347091,2.0789639249542136,0.8793073017033313,0.49547850068949945,1.2087615059947228,1.0142551804069109,0.5841861884690538,1.5299852308527544,1.040677982932735,0.7462392894417103,1.5406088213946116,1.319099252898482,0.7457569943798481,2.466754630002547,0.8081751178625636,0.4190679811811201,1.3432743945932728
178,1.8032705007045293,0.887184506060029,2.8881820650574643,0.7128830809787423,0.42212123840847426,1.240765361115332,0.8886440156333857,0.5578163991469148,1.3498832068723023,0.8623031905375177,0.5677123594591059,1.620572953087805,0.7707868285422498,0.4587624962684349,1.3634322981523033,0.9593099756955639,0.6360738115604149,1.4568028254541416,1.1360910722104716,0.6687885149094369,1.9795525416488526,0.918976640241989,0.5648235441058603,1.4771290752441104
179,1.9869465443971936,0.9265438582779121,2.9942459754784667,0.8408266015232673,0.5791519365419739,1.4061078160019254,1.0910396342697917,0.495930613063313,1.5301690990858154,0.9851730879933658,0.46825431252126565,1.865711408203932,1.0602478040714058,0.5486243889901461,1.561270844960014,1.1219235895144184,0.5647535729984136,1.8748240010617923,1.258755938565526,0.6571183006957371,1.9768392700865702,0.8438625372972148,0.5096226587959446,1.3452259221378842
180,1.5654816852500733,0.8069658634189972,2.1768126253349926,0.7748644746450204,0.3777953836657415,1.0907229091975763,1.2133757013346596,0.6791205355811731,1.9983678819975723,0.7642747283093482,0.45081459774471727,1.3565038534554414,0.8886929873006247,0.4831295042603246,1.5850726982439831,1.0733003883251377,0.6299006713587098,1.7276875696513025,1.344154389861239,0.7111382539620907,2.189709866669679,0.895012899162525,0.48008931301445174,1.4581994831507723
181,1.2185445008063756,0.6067316122796845,2.0698346870967086,0.77126452012352,0.4840624188483594,1.131255187615645,1.1310437742818478,0.6673899209488519,1.839693334416353,1.1702163582349971,0.6043635737788516,1.6673268617262549,1.0605993862718335,0.500358609047026,1.78382944668211,1.0584796876057763,0.5484926018372731,1.96566489662516,1.358395819021594,0.6248065452756584,2.253110196191623,0.9940232388037522,0.5313393240266856,1.3412382215125556
182,1.6238550999392323,0.7861662924825384,2.5887075966038906,0.7926567514987661,0.485648621334781,1.2822557828890448,0.853770382070406,0.5116321148409523,1.92291429281292,0.7394265207911438,0.42639956157333847,1.5399579742421678,0.848862329045112,0.41043367693478816,1.5947196814267424,1.0806750961301521,0.5386445222660836,1.8321500485585884,1.3236269637667089,0.654895122713074,2.4719818604018706,0.807656075658043,0.518291904101471,1.500489747293767
183,1.538244141072775,0.9468079262630629,2.0952508304124673,0.6159400474797612,0.2845689354595413,1.0840569872087455,1.085362534316538,0.5033491350234028,1.7167551604213842,0.9308021586890808,0.592279589897694,1.6526847167451404,0.9044660699595577,0.42954202200668373,1.4045774647177975,1.0604023271423417,0.38653786220136244,1.882216557174491,1.2989447696859155,0.6906013503970289,1.979997342992606,0.7463509872308415,0.5238886041178777,1.2388490895574742
184,1.625279450826223,1.004732618436394,2.642181270719988,0.7155730603318613,0.4137195233818795,1.2524872514281027,1.1535747425743477,0.6658653595576555,1.8858231357023507,0.8895904195821215,0.4337454204320867,1.4052553379756065,0.9264039568517135,0.5168587886477469,1.6102140477634561,1.1629549348790489,0.4906487954981693,1.6765999848650432,1.3137519467364784,0.5928736562465454,2.2090979113803937,0.8272734053636941,0.5357937915299963,1.1595857512448635
185,1.1489005621413932,0.7884995495399886,2.1648628602060245,0.5382677062902371,0.2856475222745136,0.818984487242465,1.3140051760098896,0.8041838775129272,2.0100351570100745,1.0524290809857468,0.5131242325131964,1.554351256473253,1.0187538613731895,0.6473761917430231,1.5976242809849155,0.9301344984401932,0.5200811066542627,1.6869322784473602,1.1762586310375485,0.6890159494834565,1.9044360059147507,0.7717535016796115,0.46986466218060563,1.1966118253092313
186,1.2208596384835453,0.746024179049685,2.1230585068566636,0.6290805516944884,0.3526053074024711,0.9833239740642289,1.1722987072315685,0.5593821465372601,1.687082644434006,0.9841339170404153,0.596563033811459,1.3782767509691514,0.9407652032665059,0.4637363564033326,1.4106387806348202,1.1863435365413857,0.8021848530236546,2.047774823704705,1.3610524425672637,0.7721429577618483,2.180783044415111,1.0025289562805622,0.495427166730963,1.6861055514310614
187,1.3941106643339798,0.6854825816521619,2.3347052339501473,0.561448622726276,0.2765250084798307,1.0129903924170134,0.8222135998418938,0.44193359793414083,1.7248731303747389,0.9555305111996587,0.5891967385978985,1.4527912021497744,0.8394274262025511,0.4875030561676172,1.4425893800272207,0.8405597108101649,0.5164979168156206,1.5418297645612673,1.248215477535879,0.5859923593379979,2.1912440310793913,0.9618422393701181,0.6413556524716965,1.3534431228636927
188,1.1488938485366202,0.5791010295776455,2.0354087682090314,0.6061963184392807,0.35179198672659406,1.150443453226845,1.3468862716658307,0.6176419625623898,2.022266428737112,1.0220149216735372,0.4530594313760919,1.6347756295881535,0.8589568080491369,0.449758267470644,1.5541092574501174,0.8603214997293673,0.5096124889619961,1.6126733684993941,1.0464237687088693,0.6135665464342104,2.0850796826833204,0.9698521051776554,0.5394580897142985,1.4383161757194243
189,1.422878478696516,0.8964979285411376,2.2909826771811117,0.6303754383563337,0.3881771371962775,1.0809964150761402,0.9950390630450789,0.49978757516136063,1.5663309410536719,0.8418477731294823,0.39765236480654387,1.3912595045057234,0.8387824819237487,0.5200098544692701,1.4854039698220372,0.9885841632910574,0.5401322152122708,1.8062546166832216,1.3253116755276322,0.6741671505549055,2.2755280467749626,0.8305357379657665,0.5576122531661699,1.454245180893804
190,1.8406673556210642,0.7863310991539021,2.558586442775875,0.7099482923382576,0.3864162223687467,1.0924508336105136,0.9663865510788872,0.7543537875838313,1.6291868123443096,0.9093117998638918,0.5149228818464372,1.3991089964084036,1.1185492279024802,0.5473004722008856,1.4926292333053406,1.4169131905428394,0.6596972389329988,1.7552795957933824,1.391635184986498,0.8193228856322687,1.9914933134863577,0.9441530126326274,0.46875633315249104,1.3590349254823033
191,1.5830612686642858,0.9126775973326416,2.604574258347686,0.8076061987670113,0.4264846672129932,1.3395405981048274,1.2167078759168368,0.7224422635812093,2.3944124922673033,1.141105502327053,0.6809259156681953,1.7095552312476103,1.0962857401809702,0.5627568810120809,1.6867084193061912,1.2595831255093766,0.6666541032123647,2.1542011406698585,1.4304088841798657,0.8383583251040609,2.038809417418956,0.943226597099856,0.5934144909954076,1.7163938112690267
192,1.6135765097857973,0.8817016991909652,2.4632909625615165,0.7747086616826883,0.38139514367583943,1.3280516163183829,1.1529797077110813,0.7047940397966491,2.109593659601468,1.055527668158077,0.5141774931773652,1.692828006159313,1.0162579802285148,0.4910150011666343,1.5549868930243798,1.096142849830388,0.6397625403850073,1.8295917717380543,1.3722614735154122,0.8441998639649545,1.9815651142985202,1.0020096939533176,0.5469138530855618,1.3949202389381552
193,1.563450043837037,1.0685286356422605,2.6635185185639902,0.6699085515080226,0.34260832559860765,1.1655871873499046,1.096315746878513,0.591943714766985,1.7889645898332678,0.8040208079052407,0.41316911358301306,1.2425324306532872,0.7998799642534564,0.5236138013509877,1.3110289584798296,1.0572477514061878,0.5667416883501559,1.51084341849887,1.129440782738073,0.6459485705695435,2.0608676113200817,0.6934471484459102,0.4516863719548862,1.088560138831871
194,1.7132663171061318,0.9324231025601373,2.4631225370191037,0.9249282219221655,0.39266876549403124,1.432803780701404,1.0761370674024098,0.5563228153910509,1.8703836426602722,0.7841772999704681,0.3886873037478372,1.3089193244734265,0.7668135549330168,0.45187782716903074,1.3949176708510034,0.9253501568654086,0.5067171904764403,1.5863041000580824,1.3053167016510099,0.5622847619539882,2.282843156368056,0.8588277164919803,0.37096955718045316,1.350780578394306
195,1.521373674949131,0.9870563671993777,2.4067554952859074,0.7962658228365946,0.40408176048481576,1.170502801052909,1.3136242148097539,0.7552568112323064,2.0089964647552945,0.9877220842236885,0.4781653882758415,1.5320658915877603,0.859152849457974,0.4982203250011553,1.6231423454359464,1.0824481575618439,0.5989249075077957,1.7811894512733755,1.3736031928617363,0.7457294602089013,2.1436063899716253,0.8954188822349314,0.4172342865979908,1.5624057973899836
196,1.4108055732905305,0.7899674243703538,2.0963205458514578,0.6995017833084302,0.36709713863376386,1.2409277427505707,1.0249998491515746,0.5018906256965022,1.8897138756267418,0.8113184706200101,0.4110382633248417,1.4653404257599598,0.9181148788770429,0.4411222111800469,1.541658049418135,0.8774595765169432,0.4941281343048325,1.5405787049863233,1.0545101913725021,0.47655058365020025,1.8992006382996587,0.9989592366178939,0.4820395930266771,1.4700500050129788
197,1.3062113908615398,0.5161222795223647,2.100627844142803,0.6789753759780659,0.3559300224329029,1.1195548474262726,0.712360455668208,0.3440260747149406,1.3889560179762588,0.6284190904748576,0.3692157957809205,1.0149316430498199,0.6024789927373859,0.31722768952118635,1.2254051221831967,0.920377759294174,0.5335198150360978,1.5264522550672195,1.3056764651293955,0.7107516411354875,1.9602231281348086,0.7532293568066237,0.5121235930474686,1.0194443373925484
198,1.326309195122543,0.6906795069331914,1.9929165271612905,0.8245668263315098,0.4246620639748209,1.392047818751734,1.181192357235667,0.7157748859457108,2.0786500420282272,0.8813861684604034,0.4941392418026688,1.3816367041502984,0.8555052599115178,0.48456885559580437,1.3988759121165761,1.158129999454506,0.4878279204055737,1.5874566371540002,1.1697874677215137,0.8155674163201574,1.9198309620805045,0.8212478274016438,0.40957188006678735,1.2035284971224989
199,1.1987203060373885,0.5503002636037813,2.0560824824442974,0.6560071734457225,0.3702445580026075,1.1645947164255224,1.3404295462764058,0.6322717635534473,1.9464386393701436,0.8427372367319426,0.3934035132124603,1.3616287575083423,1.0593001231453931,0.4423763608762502,1.493811282891343,1.0790252844178987,0.6218441416534164,1.7901027968758385,1.3750521752652407,0.6050612432350918,2.165896773115828,0.8313668375944234,0.5595968510380339,1.363812895081996
200,1.3014649072339157,0.7932110334936415,2.2256058695766656,0.9331415001664469,0.48882533750563406,1.5158483203377173,1.1801405355347145,0.6051166505888504,1.9569230720513766,0.8665056620569168,0.4687909590322136,1.3394075718475476,1.014949547742099,0.6092864596920983,1.37467168006428,1.1158535619142191,0.6003954179673493,1.623106089680956,1.174882343884085,0.624923870625188,2.1004128578344856,0.9245565398802601,0.5095568807834011,1.2456089540841488
201,1.7901938743909311,1.1252963075450657,2.543519710071405,0.645544882212121,0.4044112771743321,0.9835866891223943,1.1405777378793922,0.5104281001435773,1.9356632222458154,0.8989031952673832,0.4811166727514811,1.4182016938047561,0.8273730451556882,0.5311822772511618,1.3864395400503238,1.0828418553089934,0.5668228297199174,1.695667769184605,1.414097827146585,0.8296290349754576,2.2813420448540103,0.8224940301636249,0.4700589139161021,1.2953944793060026
202,1.4983462555893907,0.9344164484204052,2.303577673106194,0.6706446614561975,0.4161877647280305,1.1120325083889107,1.018861302147628,0.5382058087297131,1.7435065857797563,0.8266008143058756,0.5673241375944402,1.4766174676917174,0.9418630322478971,0.5187579576564283,1.4257470131693777,1.0594827486585499,0.7105527544267776,1.9111494646359586,1.3002289293179974,0.689236584357323,1.983875424689238,0.8581598431783358,0.6515003670597134,1.4441758266782705
203,1.5077450672118275,0.8992813087217069,2.1019401639237323,0.7225575575276064,0.37734737115046557,1.061467419200406,1.2660435920058832,0.861010742880698,2.3304618175648,1.163755490156916,0.7856241337279387,1.5745889178600305,1.1347237931846696,0.8000003359051095,1.6547287217837392,1.1893571324613073,0.6372887577264273,1.9774398842556673,1.6513334419058268,0.975009774488845,2.5757128568991208,0.980547166289299,0.5565795489790231,1.4156627247478453
204,1.6662964777073581,0.7478113732980392,2.537298575490351,0.7274668537586395,0.44895866808518436,1.1546674205384555,1.203858255895528,0.6825900475927957,1.8455847512241346,0.8226641555737413,0.5050305951264568,1.6603927105675627,0.8381135351484541,0.458016580860102,1.8163095026653808,1.272796753081379,0.5955397471010824,1.8356509774263479,1.3979073639222197,0.7918266610224894,1.9825258469199833,0.6544532513586712,0.3688775508537074,1.1412062796163673
205,1.4373656378255002,0.6995727472024371,2.417254793696488,0.6909711722110881,0.4091047766599357,1.1274879463515748,0.9823334581240412,0.6315825704101482,1.7867816397102383,0.7437809661194515,0.4665252740057025,1.2099936191687557,0.7986277266444993,0.37624224937317347,1.4027922614696273,0.9597862122747401,0.5672538504151713,1.6454811395954843,1.1930950679348118,0.5750035267878967,1.9025893223764918,0.894088787475023,0.6305519465116367,1.4130628043955555
206,1.2770457750802666,0.8244558471601579,2.164862581900791,0.765259138658068,0.38230237482162727,1.2659181992685065,1.0692852383802691,0.6251747919867181,1.512784932959229,0.8490837353884917,0.5350436580892748,1.231280816328446,0.8251223626332207,0.4907092508382292,1.3221549279746103,0.9491899256745078,0.5472956429954365,1.5968702068768215,0.9949508679687527,0.5180062779665083,1.9964814665050132,0.7540361469155998,0.4941353489382506,1.2908720761555041
207,1.3722270167247335,0.8277061976559117,2.133314270033358,0.7779529213083899,0.302989124097411,1.2046423018413053,0.9724908871962463,0.5776151384749777,1.7427187401529518,0.8778091427527768,0.4682193200908814,1.259414055862491,0.7739325579186277,0.4377091942854525,1.4243525540713042,0.991610884404027,0.5950714540096077,1.6525038501191895,1.1301815843470553,0.6215171323748006,1.7999117134173268,0.7475320887355111,0.4829026155696466,1.1521541965692823
208,1.4661644923819743,0.7822069130292311,2.2200043608206723,0.6512518962884555,0.38330725034804686,1.141904285460437,1.2351919395861923,0.5693465751805052,1.9640400159073286,0.9907987572910483,0.6600185196441165,1.50147484257887,0.8840165319932285,0.4589324452679789,1.5260986746753784,1.0968704784005079,0.641373253891393,1.6367824969188853,1.2195442693499192,0.7230033208896723,1.809963846502549,0.7431617544203717,0.448961592559217,1.142991483876231
209,1.3416983452186562,0.7838477250683525,2.2295520416881063,0.8321067923605903,0.41931338439230637,1.2110118873235363,1.2026633860226943,0.5563005212014404,1.9470880667581327,0.7268793880900732,0.45437812414109835,1.5043374137298722,1.044311182705163,0.6403098000228143,1.666687153042278,0.8952174632113683,0.5209047634182482,1.7205815996095777,1.4429738081488184,0.5828592780773096,2.3495885992041963,0.800930983594584,0.4126991810368688,1.1975790113600706
210,1.469067790107029,0.8356038604880882,2.0243219844983837,0.7189639478909873,0.44064668895185605,1.1796847010436728,1.0626798058621247,0.6304173022806981,1.958999145190629,1.1069736271471968,0.6036589162938395,1.5564840509451685,0.8206694365252187,0.4422273336834214,1.3321918947419282,1.0780310151445263,0.6024292553524236,1.58160446757747,1.1722345605017446,0.6993027734627456,2.1622370291009245,0.9254633365482398,0.5661470939299622,1.3245008666245408
211,1.7282252246018177,1.1231491144503714,2.42520641643525,0.6955749679222835,0.43304971598194525,1.3662355603621659,1.2452594085460462,0.7409975702137297,1.775487693289427,1.1766772104107122,0.7554966800240452,1.6400459240712995,1.1043743511483755,0.5588978784117649,1.430373770999224,1.212488415551616,0.7263229664375783,1.6719027192152922,1.3218265567430145,0.9331557658236039,2.12333572659942,0.8046646293583184,0.4566532000399552,1.4234130393636975
212,1.545665004523556,0.9989640451439517,2.0632541994537674,0.5920868877066781,0.2761718474303838,0.934451061286885,1.253057854404115,0.7349807261985867,1.9776080231344402,1.0518237657765894,0.6091700723353267,1.4453772821024922,0.9545120241020706,0.5007951854711864,1.4588511112962188,1.0921490795134168,0.5189958224115847,1.6928043185274841,1.1430438997752226,0.6682433583083371,2.2618148870204524,0.835395219419792,0.49641225948984546,1.319617326947163
213,1.4055779605839,0.9264242744777547,2.049073121514167,0.6857993913914469,0.38004792524836495,1.0721184887129898,1.0984411889161256,0.621764026153573,1.9063548574086002,0.8820391310733096,0.4320993514122377,1.7054715395011009,0.9982637777339797,0.5570300524026273,1.6264550992723616,1.2036241490789301,0.6793422696723014,1.9072007715260257,1.6234853682709889,0.8246816971802186,2.7149720589659085,0.8632967189993543,0.5004163194585072,1.3079880924877603
214,1.3915837617081703,0.7513946233370417,2.3765265331834557,0.6268730508774528,0.4242881848600147,0.9211398052167844,1.0992733788173839,0.5700918713176109,1.7469040207748108,0.8653307380464162,0.48270855166301807,1.4182255334633407,0.9131243666790161,0.42080797237364603,1.3327490438883234,1.1290758482099632,0.6184114254506384,1.6943243197178766,1.4560276078438041,0.6945147652911726,2.490747153202598,0.676712145412752,0.4098537504287913,1.3534268223800074
215,1.4000270064181675,0.7893344174482749,2.1499363968790384,0.5289297763509802,0.29806201578251346,1.049598080903721,0.8969215602924282,0.5542568515586158,1.6834988674642808,0.8144150231108591,0.5104723787339663,1.5532764181524386,0.892666033383513,0.4346641545958912,1.599217610535794,0.9515724669446152,0.5324815694668491,1.6565956914974524,1.09504087128808,0.7133544640644576,1.8504284447446941,0.7650176465742922,0.4061447334750351,1.256511634481492
216,1.1654876185204457,0.6656558877770253,2.020907160487533,0.7138065014017754,0.41132447606921113,1.2259682778047087,1.1812009125335095,0.6487054617461497,1.6922139028401473,1.0420111575090103,0.5882993736617854,1.529929302066201,0.9810451427964252,0.6077279159472154,1.6835345361892637,1.19254904205994,0.5935800562536926,1.79018322432719,1.133843664156407,0.8077779432945561,1.9731434740477318,0.8818763388567694,0.5766002427017749,1.2876698778460727
217,1.216337245710577,0.6171730746029397,1.9791685503865126,0.7371048661398686,0.4943522826055768,0.9920400374673845,1.2133195058197153,0.6083522197941522,2.139995751484208,0.9294225482926848,0.48058696231704406,1.3253044865968013,0.934338127283774,0.5579697268766665,1.4019013383521441,1.11068139673414,0.5678144558161257,1.6750562245888383,1.461060745835427,0.6844489831782119,2.3223920177089914,0.6885728429430058,0.420736891893648,1.1685534191881517
218,1.6732723289293139,1.0660677749598493,2.3259009698199677,0.776741190341339,0.4262090426987166,1.1871947916994652,0.8993030529044843,0.5611588590036968,1.5941401580615433,0.8380734643047664,0.3775046674343027,1.361491373357178,0.7999118812428142,0.3653088939048291,1.3098747523185885,0.84630465293611,0.4117573041067943,1.4657817458201252,1.264800186955076,0.5535947866208523,1.9027638742555353,0.598944347574631,0.3537249335412155,1.0352075889537296
219,1.5856935298869859,0.9781022797733435,2.725851910278075,0.6777024821110192,0.37742341022874637,1.1102547137703211,0.865685270429833,0.5791142370002594,1.4526298629931829,0.7933689649934492,0.4344156587818314,1.3376416168116043,0.8556994531266711,0.5294552633021391,1.3666222843551938,0.9689501451321042,0.5909779370443656,1.391580334440603,1.1811937328000188,0.5285381175073596,1.9463612155050887,0.8161264311600671,0.4485233669503647,1.286256363135377
220,1.8350794440549887,0.9042079456268536,2.8025847788970566,0.7412902305317541,0.42770596605319694,1.1791478706910785,0.9801698632591248,0.6541737829905123,1.632706224495286,0.8309438251106419,0.5264662573293815,1.1933632887787387,0.8479331006056743,0.531432995322421,1.2652912051390388,0.8874822498636101,0.622137572874635,1.3590098405384659,1.0774695488145565,0.6427263750152115,1.7094127084895543,0.9647230956059295,0.6633770106301219,1.5593573398356837
221,1.8193638890351638,1.2608286200084171,2.9849901815556095,0.6548535900180386,0.4050894832231169,1.2369531143617023,1.0260639040030712,0.5837057426393268,1.6643194028903796,0.8536775700518933,0.43709225123797907,1.387016689035142,0.905777463036513,0.4845663837450661,1.4337631011241445,0.9833943126522311,0.5594577537159936,1.4577416674564596,1.4591009677489364,0.7046013080323292,2.3613900036047877,0.8701499243307065,0.442403913692805,1.3510630002782809
222,1.6395616468548815,0.9422096744204693,2.7322270554799815,0.715900485495268,0.42650481813585833,1.2363623919866,0.8471420283184596,0.4654522816579272,1.2807064296173374,0.8527786264814355,0.56405368176838,1.3389144287835668,0.8510230914353423,0.5375192307923143,1.452812878283543,0.7911255798708314,0.5096278849420758,1.3114142444427077,1.3448282858049576,0.5846057670786735,2.2362180248709262,0.8495510409866897,0.5165415930517827,1.271148164459901
223,1.6747620713735405,0.6654462299057481,2.5711449617456226,0.6131179261594982,0.4022582324761505,1.0717347430009363,1.2606063568684722,0.7666082853988556,1.8554166360719337,1.034755832332742,0.6208851587319485,1.7814453176223903,1.0108132892133772,0.6571341564801112,1.5625639791257706,0.9965309679715448,0.5940045480647564,1.8377855325449222,1.3420992428300567,0.8365443320536132,2.1822018128135032,0.9319451868727984,0.5876678869089759,1.3640938615556324
224,1.4744823898100654,0.7359205509160957,2.6453040329191118,0.8338211937672053,0.35878232436188934,1.3496333913623162,1.0085553095841888,0.4673439937865761,1.785814797811905,0.9072987981146858,0.49125993934957285,1.2947205309027994,0.9017916078339003,0.5223203664815157,1.571927154873885,0.9580541760337793,0.5427317092992321,1.4242297105773827,1.2738660470381116,0.8370392943482043,2.222471138268804,0.7530996794928732,0.4164066578897516,1.2726151198399374
225,1.3077900433218852,0.8241915699351471,2.222059283923863,0.6863238661033539,0.3956219196534885,1.1532108516390631,1.0637237854608936,0.517510783004598,1.642949077805956,0.8389116536673829,0.5770516411984017,1.2346286350319773,0.8802531364163104,0.5249043765583306,1.3801577654982196,1.115176821875616,0.580796197206498,1.8629876136911412,1.2876934206945543,0.5486201099853341,1.9545059538972929,0.7780413910139831,0.522804158147565,1.2654803019392442
226,1.483477588448422,0.7184914216503459,2.405793058276457,0.7251422468469186,0.38692246392761687,1.1626683782905745,1.147920071857479,0.6817661967940459,1.7034108615782417,1.0878367614678695,0.5143376470517773,2.023483823830119,0.831992862861403,0.40373969311024444,1.6649789550156575,1.0186513601838525,0.5902377512028072,1.6125874119121903,1.364179059369848,0.7742710627855784,2.279612350233069,0.8767424616632978,0.5107732714013251,1.3390166626078037
227,1.355470141082916,0.8860459963791187,2.168624484581628,0.5788165248887182,0.3133791152445115,0.9986709534446212,1.0042010053234698,0.5955334369342752,2.15390313142247,0.9569921409219189,0.5201272230211764,1.7616031579296463,0.9542844470925973,0.43421574852067857,1.6319303520370518,1.1723507782408578,0.5062761789065381,2.2470059535886096,1.1320058676982443,0.6416662913411558,2.1372835724703787,0.8692017568323338,0.505359664367156,1.433102329547454
228,1.1192729222093047,0.7103897724994114,2.2417996590369995,0.68462925984138,0.30405187878899753,1.1267720712747096,1.335823733526319,0.8110657431064676,2.0533241203658843,1.0976286560236215,0.58903070601945,1.5915945955176072,1.1794634389615488,0.7243594589898471,1.7061360016891036,1.3070479395879853,0.640629426306356,1.7844394600104827,1.374591064304051,0.6230613355573315,2.2013844127845617,0.9162681917566216,0.5376600558652052,1.4190913675901564
229,1.3735595868290846,0.7554027994779674,2.4831534556006076,0.5526075751850965,0.4066775935892699,1.022686544150511,0.9312382214908808,0.5397528939759695,1.8244105453617225,0.7147629550095307,0.48963910162435864,1.4552266505984184,0.7537695505639885,0.4595985588883792,1.489971792998066,1.0358169224278113,0.5056818227135943,1.5719564331542526,1.3992058883263798,0.7063152348944358,2.032413617634547,0.8991137027219509,0.49509988456563564,1.2826329548549125
230,1.711807815345502,0.8767187396105498,2.5036044032349625,0.7078174483831648,0.4661136165898373,1.0218782694747504,1.0201225929366176,0.6045098657784023,1.6718157266924616,0.9719103549467805,0.5785771974124343,1.5596364505030094,0.8666925256993812,0.5301861914268434,1.679200029852122,0.9516595267969581,0.43763889981559917,1.6762374662990305,1.3086568949083204,0.5482326377025131,2.325607844114082,0.7452704466485849,0.3592841910940814,1.2417698821295748
231,1.4549027240418195,0.8101399442030933,2.536525173821993,0.6382679049998696,0.32347096117424495,1.1153926857098622,1.1099125178141929,0.6339900775019727,1.8177543744516815,0.9474269187378564,0.5688721055449445,1.466601855845808,0.8469362463524577,0.4295489752133657,1.5241706456275117,0.9731420946390281,0.6202454091644025,1.743771953877173,1.145063287441082,0.628894319719856,2.100930227529644,0.7814757155506946,0.4727562971154098,1.1111123911962901
232,1.5880008328312218,0.7520496739585963,2.3723063987852915,0.5481024221421713,0.2543849995463334,1.1761333209541396,1.4774483627189934,0.8337428736761755,1.9570483066298914,1.099444407399669,0.573701317618567,1.5237314572410672,0.9134002685076893,0.553851606292481,1.566803660763021,1.2473248736496374,0.6471533376698609,1.7584085295638563,1.277312079600246,0.6905151685574508,2.0236337206700505,0.7978395788074331,0.46805005763395613,1.3794534833351526
233,1.4989151661197009,0.8882819621651858,2.510427980647502,0.6815294160637851,0.4060339065628601,1.1158277436010464,1.2153078870305727,0.6547868693188651,1.8880437326599018,0.7435299090931022,0.45379797190364896,1.388394661344053,1.0639478157654092,0.5326768767189861,1.6463558550176998,1.1454870531565993,0.5394491701817776,1.6139725242926835,1.3117562859064429,0.6991856862224503,2.195664307870083,0.9358930830696512,0.6125205578163626,1.5176243012116586
234,1.8204383122941121,1.153950610550518,2.7408665231660807,0.6633696412747807,0.4115114762562443,1.1446818043675957,1.2570062428464968,0.8804012453612198,1.864213785003605,1.0952540200987952,0.595714939863328,1.579251407564232,0.9719053797962038,0.4518073543823323,1.5869771184466959,1.0481001201740336,0.6139165215113211,1.8813064706374962,1.08718965854886,0.566699332809993,2.061780075982365,0.7930924476434148,0.4397355173440388,1.4808099713748615
235,1.7719632569961208,1.2457507102722467,2.6536431869763484,0.6499037647127867,0.4345437160467394,0.9888908989538556,1.1017369209758272,0.7119696489123349,1.7520635343987574,0.9938210839507645,0.7368364700254182,1.6029537788983286,0.923465875527365,0.7018145355459675,1.3888202491488315,0.972601619821579,0.695618264939459,1.5448828749341812,1.4366542736608938,0.7433691218603838,2.2584356515961086,0.7455689301229671,0.38965579822631596,1.321077201992256
236,1.5918461093182286,1.1150901127521249,2.2044699618609,0.6764022973049255,0.4117072693221643,1.2160621570675079,1.0906278564480831,0.7607732100872918,1.7092646712610904,0.9303478872239659,0.6017708109966033,1.509173932512193,0.9801852984452574,0.5756435684188043,1.5794092946264358,1.1284596126871231,0.6963357144770422,1.460023260438546,1.275677632445268,0.688934240640853,1.7575482172548826,0.8256555824810479,0.4625772893829929,1.5434771359377435
237,1.448954418627764,0.9118588446172251,2.521443835555617,0.6516205409741046,0.364003408549596,1.1443707667422331,0.9645503081992597,0.49970960525310487,1.7720700154147444,0.9680626987115246,0.5532628556286723,1.4034996057000604,0.9151290088062791,0.5251979267899032,1.5820371445209003,0.8836752645172004,0.40479977699161673,1.6548080419116604,1.2764156866367902,0.5870181754733494,1.8782624204810634,0.8789013017529375,0.5531970464630279,1.3330422225810405
238,1.5724375274066993,0.9166606409872508,2.7182785086742,0.7117790005997341,0.2886557096077576,1.1596227498982064,1.0108611411159314,0.5064633968819783,1.4461071457678838,0.8626739936538412,0.5373467445135036,1.1984424185917744,0.8831923640697197,0.4379989819396396,1.2884738259956823,1.0032570651512858,0.6493326040846057,1.532966886417873,1.1544660353584169,0.6674582871870476,1.8434178549194302,0.7568293669743382,0.36425414534671224,1.1971947825261073
239,1.6987147322739093,0.8316497312383252,2.416208694364799,0.6851584843370289,0.3894554031138831,0.8945399910252833,0.8851012153089259,0.4886920292547769,1.4234835044912906,0.6911784992382698,0.42141356707606925,1.192735362872843,0.6858407690000791,0.4492623034989696,1.01699985337439,0.7498301297815161,0.4514765750649429,1.3436227145429296,1.0329897744705203,0.45804118854398834,1.7852507342203792,0.8135066171604343,0.43529156872424457,1.2362223882575167
240,1.4608150915529565,0.9048764778082392,2.2322510205717934,0.634692737845642,0.34022270485688577,1.0041611272854827,0.9599864974644778,0.5746096688444978,1.600504096609861,0.9609311664111043,0.6613247647145257,1.3323342593611913,0.9367656339709628,0.5251758148426994,1.4366044330030867,1.1428857393163767,0.650406769169924,1.7236182403209617,1.1312799377144982,0.682651004374917,1.7100557013481097,0.7390065130356589,0.45364910222475885,1.0897415365716554
241,1.4496414845481627,0.8195288945166717,2.3370067921306243,0.7583386029967565,0.4205933195578406,1.3352496904228826,1.3585348433600686,0.6477509320553678,1.81401481258318,0.835443092055244,0.40343767190378116,1.4065365198935769,0.8526862188544491,0.4203174124541568,1.6809238609255346,0.829810769116301,0.5134458805120878,1.5421059998010962,1.1835542930898542,0.5980785343242554,1.9480876567506016,0.8583143066103784,0.362013121563216,1.2289209923509148
242,1.4563985899670557,0.8654025239872898,2.5073799473242433,0.5830623160778634,0.3012475364827938,0.872304803776843,1.1984421324710814,0.6642279201747657,1.9478226528514353,0.9654072552617862,0.5589682841709587,1.6924239148131068,0.8920761433856508,0.44756808650806296,1.5306524477670387,1.299512170421949,0.6732367527801801,1.983044856240476,1.1807345888025762,0.741977124244428,1.9462821846550091,0.7318153761473911,0.47886252597165196,1.2202185405676576
243,1.9162610101856492,0.9281807698665085,2.823664136481448,0.8353032794399194,0.4104823709558928,1.2227230585954227,1.1096178032496613,0.7434120788909729,1.95684500993675,0.8286813546820242,0.4508230522333105,1.383586973008878,0.8306935463222117,0.47613259603036123,1.415933236712417,0.9117039264641857,0.6181993359681737,1.5794573840608443,1.3178183089109203,0.703030113570479,1.9516701483245715,0.861634413419142,0.5558613555803564,1.3737638338091764
244,1.773274744118975,1.2274551543929475,2.7390139188165907,0.6703316088976952,0.369544302767738,0.9782304434584623,1.1149772262638864,0.6114886657882411,1.476864655022127,0.843570717969788,0.4601931025820905,1.4439439484710699,0.9061683502628404,0.6171745422914593,1.4834779296660294,1.0364847466174991,0.592457473311725,1.6640407165403386,1.0135649587180908,0.5996905990239001,1.8632660519614468,0.9517127363995135,0.5637120953978789,1.4256913533558713
245,1.771527345838471,0.8714567494458074,2.6527649314159945,0.645568425988425,0.2407037212682906,1.2645105041340472,1.0258499043528584,0.4675604530031193,1.656316516877158,1.0314011968312178,0.4476261567535841,1.666212820105512,0.9583417982829425,0.49623435966055035,1.5567891631522777,0.9645275480196039,0.6247998167620371,1.785806439700271,1.3745879619538628,0.6304696295442683,2.1452712055433314,0.8382181165844247,0.4874703874483933,1.3388429710209337
246,1.736206071114225,1.1161751059331197,2.451551162304021,0.6417771500615763,0.34153981332857636,1.0330022838797617,1.1436339226727874,0.6426355145774875,1.788543885174179,0.956708388603166,0.44296333204346544,1.7410344753942153,1.117708733197913,0.5816179024334182,1.7584365112700384,1.0333090955830637,0.5132336677947604,1.6622797419591024,1.266152121784681,0.6587395217589694,2.046875515894697,0.8710853970965835,0.5539792319901576,1.1700201726249655
247,1.5062903628381503,0.9746400798086066,2.5156083607039017,0.6138682403664841,0.3100063970018073,0.9260975694762367,1.3425414705456897,0.7193521260914982,1.7730855696067271,0.9255302398155905,0.46323869508479043,1.6521973758309727,1.0253563946836808,0.5375552357339055,1.448026468350031,1.082465614476031,0.5864547713459645,1.6058944373160011,1.3263064479864601,0.5760002830917172,2.1991172398322054,0.9000896237361014,0.4719692938940729,1.297179094627663
248,1.5401584061452755,1.0370149708021268,2.2799239133428144,0.6231574569824105,0.3655700734024657,0.8936506363566511,0.9109233941815217,0.47132960430621074,1.398809540176662,0.8538692552137713,0.5156053705767869,1.5191599450037367,0.8922507250018267,0.5458182205777747,1.5997062599901228,1.0104660008449837,0.5423794705937341,1.6016962635487058,1.2861230509249593,0.7521982241525542,2.0458554679808665,0.8270749973153785,0.4397491996901882,1.2226509433282664
249,1.5659306233956758,0.9823671299561124,2.446200535199961,0.8749708692298549,0.47156112869920735,1.1862740675259418,1.3389891667240386,0.6895074599364291,1.811294467948649,1.079642828681059,0.5618993788735278,1.413901541163029,1.0252696959322143,0.5410252147975206,1.5063998186920005,1.2841713068748701,0.7246310829371282,1.7692196477481363,1.1799618795047806,0.6119190000941689,2.029590196884381,0.8294524263340348,0.43998573660814566,1.2071882719346934
250,1.5234173717642643,0.8808984659963546,2.209419471352817,0.7135079536996337,0.43510018878841505,1.125158033819217,1.0660856113885868,0.5988924768788729,2.019278779603278,0.9360086560934014,0.42013159548770257,1.701466141792339,0.9895212142383767,0.4027946959019974,1.5308324566468403,1.0177299664015247,0.6063605940958812,1.864441135664245,1.3014724004978202,0.8281829826079312,2.179287503222473,0.6569043112803947,0.3967222010837242,1.2023787681916966
251,1.8205949738180283,0.974050761912519,2.9323682073894592,0.7707036328072783,0.44995214215966167,1.2665413511407122,0.8254230017084847,0.5132735430119361,1.7117261756580289,1.0229571993487827,0.5073729338423297,1.5623389353692725,0.885295095955087,0.42694962168092665,1.4009572324858857,1.1189966627800167,0.5028605251088738,1.671078880938654,0.9208428574451828,0.5236566138568824,1.9695749016718478,0.9310333701858167,0.5001712581303164,1.6588280342463695
252,1.5018818667012486,1.0417830769478749,2.676516332823237,0.9028108905602305,0.4332397947769309,1.2745749961362922,1.2168682020471446,0.6745649448082384,2.1076868808951943,1.126249960960882,0.7624089373462387,1.7296067338298469,1.1098508949046426,0.7471035123246982,1.9086412846104102,1.1746908579140558,0.7808537166455723,1.8485010316588424,1.2439052644012811,0.7094370229566608,2.097615427282075,0.9544398200338187,0.6181970171833233,1.459688871879087
253,1.3361421227397647,0.881481822500679,2.6599422905497,0.7121575337782988,0.4202535914312604,1.1409417434887004,1.1110115681002646,0.5864998279301111,1.748435972345744,0.902174004777994,0.47331251930124835,1.5058602637574137,1.0305831465138355,0.6606838608756677,1.5851052235967582,1.1709509032378524,0.7632360466543984,1.8973501498148504,1.320303206538489,0.8925454388323122,2.1685142425916233,0.8660571410316766,0.4173579132793135,1.4088050201598312
254,1.3571763065466351,0.9265924040169514,2.5424825360864265,0.6913248852433183,0.41191131975174405,1.1312169771407976,1.046342989850306,0.4875210736224404,1.7228937565785094,0.9286809484758307,0.5813344913051435,1.7155074955023177,1.0089198756270905,0.6069402187821766,1.6971114363046507,1.1375276362990197,0.6975243353451036,1.7477746201053903,1.2440028160984544,0.6342061853866235,2.2882058280376363,0.9990406573240689,0.6254806808011285,1.4611045519667285
255,1.6187821859100833,0.9304262601956983,2.5738792902423784,0.7158076530764839,0.436876056698424,1.0998165476363027,1.016777787768157,0.5265906318611031,1.7894115096115009,0.9379118823549002,0.5184473669911344,1.422514122467642,0.9176198333651826,0.5540113936492216,1.5428469872345159,0.855447618752726,0.3930747757095192,1.4802992783297346,1.2744456344729613,0.6487348325535495,1.9974107830591492,0.972667381826203,0.5963981645417783,1.514674316366999
256,1.7724521234695123,0.8946727890153716,2.571378265834423,0.8103938570761196,0.3535061742451179,1.3135100245296667,1.2472927367091042,0.5871532881112239,1.8869757434224796,1.0178681263077354,0.5392336898453801,1.4359173324250132,0.8320919411074705,0.4452955282098574,1.572411755589742,1.0937638311079718,0.46456604820988,1.5362419564935708,1.339000339870871,0.7337510196580083,2.402058018021766,1.039443556945924,0.5085089607410098,1.415376326552747
257,1.4597013782593682,0.8746031825362296,2.2293128850653536,0.890852867195965,0.47271446885386076,1.3932958842449994,1.1840480650904865,0.701056419244693,1.6581076891879971,0.8290992019212121,0.45444244091973424,1.4174920175253665,0.9599206478679589,0.6873904568742871,1.4754399794786157,0.8603811634891485,0.5679400037955569,1.6389710752644397,1.049745754995673,0.48167700997584234,2.034623135443881,1.0491535453277854,0.6688680151298684,1.320128925343264
258,1.508210339652279,0.8880896705038306,2.2015379705117897,0.7242121981069615,0.4259553765892288,1.30914994340033,1.0886022683191752,0.6487374931782668,1.502205827383441,0.8809140358639733,0.5964037039232377,1.2242448539193533,0.8096713644213889,0.5814497222947014,1.191084793992382,0.9111767693016222,0.5754548690304612,1.5900689883253656,1.2705404141260754,0.6801400559818666,2.194478826476392,0.8367349030687526,0.5368790344220689,1.4288005652682518
259,1.5629368349430621,0.9962641091985138,2.6874592337221106,0.7408306059553336,0.394947009051998,1.2556365191022207,1.1107844070889241,0.7049162342853518,1.890390347081746,1.1298910587827709,0.47410135159707967,1.5678988839273293,1.0154275930568042,0.5185879311550131,1.5001586887356266,1.0010083834070198,0.5857773286255074,1.82183074198675,1.3101141827416325,0.4832668768938902,2.203700069675719,0.8872561970772737,0.4824763735835047,1.3577951786026048
260,1.5773995114998258,0.7377557517453955,2.26818220911516,0.8019481771726449,0.4492433308082082,1.197222781971464,1.1857354431587082,0.621173819593945,1.8139706110562337,1.073183357730467,0.5510234641811391,1.5655919462638093,0.9535021356505121,0.5012123622400931,1.5828471134586228,0.9370632630746396,0.6541349978416497,1.8352788107500961,1.4497603315968042,0.6562368925913914,2.3633471877115575,0.8556541246559404,0.4223072242441501,1.338622344020764
261,1.6124446752613228,0.8627481297376016,2.365684093519777,0.5823817582171528,0.3562632796919089,1.010705825003873,1.2002121351784134,0.5202003156045008,1.9528135147193777,1.1102368717666748,0.4547643540852887,1.830931385107785,0.9735808491080732,0.4543105267730793,1.6382260180412753,1.2404686728853245,0.7576298574555921,1.8041875223498387,1.733510888130719,1.0193542434396698,2.605895562781262,0.9319188826941293,0.47765855978366406,1.3249303434137831
262,1.6649355563633832,0.9339582542287582,2.571017744737103,0.89044609010578,0.3715394995880936,1.26104914410367,1.2853733219883041,0.6912508343956959,2.1572896314625445,0.8739256293607875,0.4280396878234535,1.4260844889800073,0.7989922400139708,0.3349158484371142,1.4906212393347023,0.9909414632489173,0.4707472961654965,1.6738083216990658,1.1530464749582559,0.6976177839426769,1.8632922898045001,0.798487861546086,0.4021709663533701,1.2439875738530546
263,1.710830987839604,0.7885619689903783,2.666606390764271,0.6873025109508775,0.310267384845972,1.2514885074767308,1.2166918127338926,0.6624052325336919,1.8363401743514878,1.0336375075758117,0.6221333441440968,1.662309944416628,0.9304413867283876,0.5697819635577855,1.6449756585108068,1.2248064193926766,0.6123623400036189,1.7449405179291053,1.3948522374593597,0.8777723410614664,2.305508724419833,0.8394455811932837,0.5078752095178789,1.2899520272806386
264,1.4949896218233762,0.932730491976686,2.577695559898293,0.6148539118080795,0.4016385409491549,1.171787717319506,1.1631409164619955,0.568585178550914,1.9069001737162012,1.0162373406843055,0.670208126570471,1.7017399005190663,0.9742079591333308,0.5709871905191475,1.4846555502306948,0.9384269053151161,0.5103812778289872,1.7921704426329736,1.145660914868359,0.7039929049638188,1.7853593403870707,0.6887947789564576,0.40127719939445194,1.3088605474580097
265,1.2177382415519038,0.7545874426191413,2.417920934306655,0.587175613921901,0.36130677765947106,0.8858218652954309,1.2042626879723355,0.5829329341270914,1.8327394787148414,0.9725935767477,0.46614614950551175,1.4987961019649834,1.1224328777487897,0.7055971544219479,1.5655877633965638,1.0736798478034906,0.5730876611418224,1.8191102711119502,1.1343256419605192,0.6127666311505388,1.8574785411134989,0.8567051975617344,0.5134544366065887,1.3148980942301045
266,1.4774379811598748,0.9187844130642853,2.267941671558728,0.7161294328249265,0.3565654424397559,1.2801338368576995,1.1224016063504463,0.6768210495087345,1.5895536533888097,0.9447950773509728,0.49345377760503534,1.4297481869261761,0.9619914508798117,0.6233292854784603,1.3210279726814673,1.0636052066203625,0.5840142674011163,1.456290715985971,1.0208842332713202,0.5775834852235219,1.9783804481635339,0.8596003296557648,0.5334363220607901,1.2990871053600592
267,1.6965028985714108,0.8930319477717671,2.2114769901065956,0.7745592467956172,0.3948461435328365,1.0631961137816033,1.0197350825302471,0.5637829120675301,2.083509923267775,0.8833367214565078,0.4357593266615488,1.294302839699941,0.8302731777464302,0.48192603142662394,1.6618723633241534,0.7974613418341137,0.47363940950630906,1.686243563041633,1.0238221403760983,0.5216256122623834,1.5984162796826202,0.9368301240671222,0.4922701691935988,1.5754818012239562
268,1.7924712739626143,1.142726288678767,2.3385396539913597,0.7861548593620241,0.4927478001244348,1.256603700859543,1.0713479870768112,0.6409408290077607,1.9358781053422724,1.0499764173701451,0.6103757556808769,1.7539038331167036,0.9141038574223016,0.6696220071695765,1.6273365265279085,1.0899656487984124,0.5270489493227729,1.8570449176144446,1.4514238635990395,0.7383593489113572,2.1420689722678694,0.9462258915740118,0.5492515301400851,1.3636696894167752
269,1.6268569088263973,0.9857036760752206,2.38385400768394,0.6432307012896342,0.3845094916992987,1.240690650684884,1.0987491195992598,0.5681136342478805,1.971374038264602,0.8284126603896509,0.46055189198257585,1.2529052868327573,0.821997544856109,0.5060784856903847,1.414357112179379,0.754296269624176,0.4346357554726881,1.495718209246315,0.9946675619288022,0.5208619045309768,1.6222471760186052,0.8749813559789905,0.453470479064301,1.1146507814327113
270,1.6148340914272876,0.7423393490131854,2.424077444237917,0.6958230164046553,0.30251691947260884,1.274094252749883,1.3148229622206378,0.8071804151607044,2.0297364703195173,0.9779080176578154,0.7120052370639953,1.804235642398547,1.205882502881711,0.6109490484818807,1.6161406301670984,1.1699719612388844,0.609206253121684,2.0458471681940127,1.314818452918331,0.7512880931091168,1.948634141721974,0.8365128849138758,0.4663504412209047,1.2964793274326352
271,1.3715980499603186,0.8729948992276639,2.5105596557776217,0.6932502912341872,0.34937850927043496,1.1212664644921708,0.957695710599494,0.5195028538256826,1.8932754417153945,1.010086776018285,0.7616371996264355,1.8293979596089653,0.957089194036638,0.6063160198569277,1.8836027471057635,1.020958928168353,0.6454535509400698,1.8973188544978814,1.224502800798199,0.6419714206695986,2.0325852020919606,0.9008836588909741,0.5365518703821933,1.599352373761683
272,1.7195929617874874,0.9920978587622482,2.5462323684456782,0.8476587691586209,0.43364916396158387,1.177718940377555,1.0538197104523763,0.6598795187344442,1.7154930433488826,0.9399832102614256,0.45080992457819774,1.4741692868264216,0.8857251955111715,0.5702359974586446,1.687924452336999,1.1370931020403732,0.5838289762367714,1.9956598455766283,1.519944122889841,0.7791903845593945,2.5508381755693796,0.7676138491166407,0.37321879025084764,1.270656769434165
273,1.6007846450945553,0.8774006205797368,2.4613252756125634,0.7909254892300296,0.4202324252421248,1.181447176118449,1.0953766849835667,0.5629493905399554,2.2098920528806376,1.0354651213347026,0.5905017369314857,1.6772756396924604,0.9495751463997381,0.5345587597279889,1.499118165185766,0.9924258655335306,0.5833968590224904,1.7730281707357183,1.0009574097341114,0.5130084753694782,1.7867483763297343,0.9595759678760469,0.46970787638362815,1.538061309208561
274,1.474742172115802,0.8287622618276036,2.2068448999546493,0.699002561256322,0.30528876718624876,1.1570974300593422,1.1447083075764821,0.6498021007906083,1.9252462480346608,0.9877980735703334,0.5266804875478673,1.5688695144709575,1.0791234323811536,0.6414391119025976,1.6423739338074397,1.0114220646119225,0.6240611389904709,1.9207550975059453,1.132948897524608,0.6977561025748418,2.2057637775768795,0.8965878839450996,0.5033528626592032,1.6094247382942668
275,1.3085774222591127,0.6879156343662738,2.169243546712029,0.6431273729529454,0.3088899342000551,0.9530447529522548,1.184990267266147,0.6712300453435676,1.8669785264445924,1.054506144893398,0.5970220313323432,1.8064882421398738,1.0983653893339738,0.6615279662455835,1.7243084913887847,1.170385932119383,0.7163636900894315,1.653048955731546,1.5578289886804233,0.9602232332625126,2.385854604523937,0.9145177218564907,0.4507363229993912,1.5118215899095802
276,1.2277432042673468,0.7727670021217355,2.148391520700972,0.5912502267780047,0.3482778072610632,0.9655311075671941,1.2019043955988278,0.6792605960597511,1.8305186773215107,0.7493964519603337,0.35941889215884637,1.4671670175282232,0.9427217750279077,0.505327428670986,1.4993124074155286,0.9009272634794746,0.4472053023929106,1.655456166823999,1.0876784278284142,0.7046680101083649,2.1916531711655436,1.0216786059604235,0.6411474989930884,1.6922024802460272
277,1.4757063545510944,0.813204790750027,2.3059127872205427,0.7740405931856463,0.5069797869365582,1.1845566692538483,0.8069264233297171,0.533945067255674,1.7595531207580681,1.1348594627641124,0.5529134902834358,1.714295804119382,0.885684966455546,0.4190283881233519,1.4611788798869687,0.8172015265687234,0.3970789295931655,1.6054802610324306,1.3840238143443129,0.5892493087955523,2.116921387746595,0.8748898030570469,0.4470036756412135,1.3110271500852124
278,1.5219987360044502,0.708758518039573,2.5989964048597853,0.8221573115573262,0.42447570106328625,1.2297637310561924,1.192469299784714,0.5775414699797,2.1769811076606644,1.1288623805192253,0.7097991093250569,1.6972739057645747,1.1169959714066078,0.5403046566411062,1.7044096076232007,1.0773873085996766,0.651172554881906,1.5423920989162063,1.4796424471556069,0.9589776786892876,2.484333088703384,0.9036454922015591,0.48207571711183456,1.2877651372544947
279,1.5765250541574358,0.9462348779645245,2.3774191887131106,0.7435380600248274,0.3630966078868804,1.1284384748470906,1.2297280125636867,0.7327960679598877,1.9619804784839538,0.9652089129778173,0.5895232944503852,1.5513562854520362,1.0190692701651398,0.428304853633785,1.691285877456,1.181841620408074,0.6474402238037199,1.9084219668566644,1.4240560514395126,0.8446085122881044,2.703495899434534,0.8812717229411593,0.5375518556366573,1.2916456681372577
280,1.9187291119408418,1.2135207571061255,2.4848568123002757,0.8596767794615692,0.4775251197358964,1.2820220668338744,1.100744724129451,0.6689346658567691,1.797922084689655,0.8522850188228943,0.42706070410758384,1.4402079898084585,0.9370820516395861,0.4787047091630676,1.340106575797427,1.1506426656459041,0.5710653811628992,1.894553807284184,1.6049870150393573,0.7417234275233484,2.226483270716609,0.7832238307972481,0.37337920299607946,1.269178221826213
281,1.625849520341914,1.0988058447405953,2.7168036108647104,0.854265644745699,0.5130137816971537,1.3323467303290912,1.3396128762943034,0.5624468480177856,2.1571155837143965,0.8408048021040386,0.635285467283865,1.267806827448291,0.9426670134616676,0.4745043300992484,1.62160464982265,1.0884305597079367,0.5661828946286236,1.743975835940505,1.1495694688840705,0.7420637725334985,2.2197832091271428,0.6573751367530702,0.38441335867150045,1.055256537422166
282,1.7926974833008984,1.115285051400818,2.647364346049845,0.8226995221090128,0.46664482266581364,1.3505577428672377,1.2042241267613225,0.5193070409390865,2.0033958706943134,1.2889033271372812,0.8006861865003378,1.9074757659246055,1.1801086922868198,0.6727362294096718,1.8680436444593174,1.3798472605735612,0.7851682083853211,1.9327711649236197,1.2494471324145329,0.6453412002947857,2.3394312691724677,1.0801286857799564,0.4966596776266989,1.6305720632694318
283,1.5517190795791962,0.9070063423098855,2.2065815015220456,0.7584724863433298,0.46649640749656823,1.2251025592458147,1.4161089536564901,0.7782298822267255,2.051190904561625,1.1412446585144282,0.5936782954779427,1.6737315797115708,1.2252681539011652,0.6771681814970409,1.8368990453269953,1.3017694311896966,0.6933506802178717,2.0005657991884616,1.5134585574171568,0.7865406731497113,2.357266634021115,0.7361930308176916,0.374626629655212,1.3975255715907384
284,1.5541748232012247,0.7605040567172286,1.9284741610488005,0.6252069889264985,0.3429061097364952,1.0883833602948372,1.16437509124944,0.6699655414921336,1.881931023015552,1.0092805791403148,0.6015884845073882,1.8894216465138043,0.7992881256320383,0.5369893788197436,1.383131089094051,1.1012731295353144,0.5520640550457128,1.8510405293125485,1.2133864401619023,0.677351025554167,1.94758562279885,0.8893993817421242,0.3958265658260565,1.385745258563822
285,1.42171294963732,0.6953489852762114,2.2661020890929633,0.6187819008992284,0.329510897763532,1.0088421925959696,1.0939608751854264,0.5801923854157937,1.7907082712700697,1.0082559060309344,0.4180022764231444,1.5313797647392742,0.8897727766376762,0.43604682363099523,1.3850439705841855,0.9774397148972122,0.46792641911277655,1.6882218474392787,1.1582577015419515,0.7090222096818886,1.9055378617172432,0.7619216463220629,0.40053446804773346,1.1942989492563238
286,1.4001634103249716,0.6971152422240184,2.2899178944222296,0.7198574437118284,0.36468368334623985,1.1011423441977606,1.2841479685234163,0.5898043868317744,2.0457170572790693,0.9862754541514085,0.5429147962480041,1.4441216738385327,0.9363296589932619,0.5799917414560068,1.6013507585586253,1.0201989159151594,0.5729268892070946,1.713759507719991,1.5261013340696978,0.6537557418178592,2.2507445827995523,0.830000639662799,0.46214944603747515,1.1848707315575435
287,1.394245890369247,0.8035140075165228,2.016455636090131,0.6977559103913918,0.3316826721875718,1.0171161779318945,1.1074588893896788,0.6580484009063662,1.7812914330638125,0.839090286967065,0.4741820094514878,1.4711660455873956,0.8722674441851259,0.4620938267288151,1.496042097588668,0.909319992193856,0.5902451438606844,1.6233608169199158,1.0384548017044088,0.5421377577526292,2.0209443521857504,0.6881856560809725,0.3951295807852032,1.2145118647902395
288,1.3691011333250247,0.8478135275075108,2.0580916165182135,0.6306412768595884,0.36327515271184624,1.118028749128446,1.2720194848800357,0.797557713530439,1.8179714388511505,1.3206548480516553,0.7737685305808988,1.8932462829159198,1.2018439402676913,0.7753767154520674,1.7763459583457606,1.2786399064253122,0.7988606136220685,1.8716687227535138,1.3641000851154166,0.8122603670337573,2.535747694586924,0.9216338014540124,0.6180097243689247,1.5532163926245928
289,1.3745922121798344,0.9182635670766003,1.8771451034803524,0.6889300866409578,0.39655705404650643,1.0759425397563358,1.1346161700390216,0.6450073735430043,1.7053020354388202,1.0426956275644543,0.657621502623488,1.4912827101503159,0.9925069134653604,0.5225244272670247,1.7341435784118904,0.9773074969152776,0.5941091690892526,1.547813635525637,1.4195665233965515,0.837412195444656,2.5070607551615725,0.9341479772783952,0.6161155195283846,1.3427411412813532
290,1.3423398485001996,0.753061729374019,2.120466812610951,0.6351210058563064,0.269298354897744,0.9962000770246011,1.1340457389398977,0.706855337817677,1.8180947931928548,1.1046584505456596,0.5465434302105212,1.5759002529129378,1.1062697470943106,0.6213019110006347,1.6691021498441685,1.1740933151197106,0.5723008391924509,1.8524116216127275,1.064284308941472,0.5377566436323852,2.1405044397984674,0.833743377724116,0.42677126611846505,1.3255706355989383
291,1.1543303363056892,0.6116629871176462,1.899314132427228,0.5821926826503185,0.3243775587460737,0.8925070038871444,1.0228771158937178,0.7284076701843164,1.4904869645482415,1.0796590615762662,0.5946883012235566,1.4756227894910263,1.0514797870021781,0.6437194877224865,1.5229356421577342,1.2679246371471482,0.7738046697913095,1.8161957180705108,1.203534190444604,0.7745688479018826,1.9382257210986586,0.7499024032914259,0.4752574562331599,1.2411318835437077
292,1.5886816974916904,0.8654484120905561,2.5231165325228546,0.8015503105648316,0.4106041499038622,1.0618775808114107,1.0100591491566375,0.5826917991414279,1.722890495117113,1.003594459556639,0.6906291170846196,1.309137001266327,0.7258146513626378,0.46495759313437995,1.3100330215848384,1.1612299371724797,0.5478436141413368,1.8278036444222512,1.2195611561222255,0.5755802379824113,1.92593590337369,0.9375097414170052,0.5178873613514825,1.3410087554223744
293,1.6380502775408279,0.9824208746904938,2.7509801249858548,0.6026622798927344,0.28571071498910156,1.1913502382821788,1.0870970066437549,0.5995996907149554,1.6655869944454735,0.8927407420668669,0.4049611637738814,1.3689873094236606,0.9273558341454335,0.4354613801273278,1.4352788458833736,1.1264113335436508,0.6517960302552054,1.7384757052429032,1.2756886129542497,0.685751980554917,1.8386980749827686,0.9279159640086205,0.6435705128782181,1.37269178372505
294,1.9093136804540762,1.1887912615985927,2.7232403085224743,0.7179671447819576,0.3786193092842901,1.1380930790476282,0.9287710169720544,0.3659763644195462,1.5969107966667115,1.0207499758314453,0.48811657215117765,1.7798067921103955,0.8114659063797564,0.3893383088110778,1.3660850123736308,1.239956236762767,0.5395892702152258,1.896744868623897,1.1541005407970002,0.7461734841576387,2.4933652584343813,0.8158771787223305,0.4469593219347956,1.3444196512923652
295,1.6515232686954702,1.0493179576361953,2.766746012226541,0.7159379735331425,0.39309011209727074,1.1254991646780808,1.1276753562371415,0.4754533800066381,1.671997704959358,0.8951353538249676,0.5939294056335656,1.463922129589401,0.8552181091367637,0.5212318432183456,1.3263358897217152,0.9947281521374669,0.43099345384522975,1.5434610415448067,1.2579661787464804,0.6769929449658363,2.140103429766574,0.621322135080592,0.4194708061879013,1.0041917192379208
296,1.8933452779502273,1.1141719579881009,3.077747183364187,0.8306173901322725,0.39487740176525593,1.2876221214320924,1.3223492045527054,0.8281520303307905,2.0548114282094705,1.1035885845285371,0.6099050174700938,1.9213735618607033,1.0851592638132117,0.6113624435043724,1.76690833953783,1.265222791077265,0.6838599315059173,2.3079965264796094,1.2995358176928309,0.6905753714398828,2.3134946269830015,0.9075438352068697,0.5424480923668294,1.2730323302926423
297,0.0,0.0,0.0,0.0,0.0,0.0,0.0,0.0,0.0,0.0,0.0,0.0,0.0,0.0,0.0,0.0,0.0,0.0,0.0,0.0,0.0,0.0,0.0,0.0
298,0.0,0.0,0.0,0.0,0.0,0.0,0.0,0.0,0.0,0.0,0.0,0.0,0.0,0.0,0.0,0.0,0.0,0.0,0.0,0.0,0.0,0.0,0.0,0.0
299,0.0,0.0,0.0,0.0,0.0,0.0,0.0,0.0,0.0,0.0,0.0,0.0,0.0,0.0,0.0,0.0,0.0,0.0,0.0,0.0,0.0,0.0,0.0,0.0
